INSERT INTO external_source(external_source_sk, external_source_code, external_source_name, external_source_desc, created_date, updated_date) VALUES ('e7930db1-e3b4-4405-ad47-6225156b0aee', 'EDI834', 'EDI-834', 'EDI TRANSACTIONS', CURRENT_TIMESTAMP(), CURRENT_TIMESTAMP());

INSERT INTO external_list_type(external_list_type_sk, external_list_type_name, external_list_type_desc, display_name, external_source_sk, created_date, updated_date) VALUES ('75d517b2-630d-4c09-9187-7541df982cbc','Identifier', 'Identifier', 'Identifier', 'e7930db1-e3b4-4405-ad47-6225156b0aee', CURRENT_TIMESTAMP(), CURRENT_TIMESTAMP());

INSERT INTO external_list_dtl(external_list_dtl_sk, external_list_type_sk, external_list_code, external_list_desc, display_name, created_date, updated_date) VALUES ('054adef6-6255-43ad-b4a1-a449dc5c8f03', '75d517b2-630d-4c09-9187-7541df982cbc', '34', 'Social Security Number', 'Social Security Number', CURRENT_TIMESTAMP(), CURRENT_TIMESTAMP());
INSERT INTO external_list_dtl(external_list_dtl_sk, external_list_type_sk, external_list_code, external_list_desc, display_name, created_date, updated_date) VALUES ('a89a3621-1eb4-4c72-b5c6-2473e3d44288', '75d517b2-630d-4c09-9187-7541df982cbc', 'FI', 'Federal Tax Identifier', 'Federal Tax Identifier', CURRENT_TIMESTAMP(), CURRENT_TIMESTAMP());
INSERT INTO external_list_dtl(external_list_dtl_sk, external_list_type_sk, external_list_code, external_list_desc, display_name, created_date, updated_date) VALUES ('cc38af35-83ca-4dac-8291-6d920c6c7596', '75d517b2-630d-4c09-9187-7541df982cbc', '0F', 'Exchange Subscriber Id', 'Exchange Subscriber Id', CURRENT_TIMESTAMP(), CURRENT_TIMESTAMP());
INSERT INTO external_list_dtl(external_list_dtl_sk, external_list_type_sk, external_list_code, external_list_desc, display_name, created_date, updated_date) VALUES ('f2964382-af51-4fb1-b192-73dab64f2be3', '75d517b2-630d-4c09-9187-7541df982cbc', '17', 'Exchange Member Id', 'Exchange Member Id', CURRENT_TIMESTAMP(), CURRENT_TIMESTAMP());
INSERT INTO external_list_dtl(external_list_dtl_sk, external_list_type_sk, external_list_code, external_list_desc, display_name, created_date, updated_date) VALUES ('a1f47a57-4bd3-4942-ab4e-c9acbd6df67f', '75d517b2-630d-4c09-9187-7541df982cbc', '6O', 'Cross Reference Id', 'Cross Reference Id', CURRENT_TIMESTAMP(), CURRENT_TIMESTAMP());

INSERT INTO internal_list_type(internal_list_type_sk, internal_list_type_name, internal_list_type_desc,  display_name, created_date, updated_date) values('6d62ad22-f3df-438a-bf55-ff8bd3170845', 'Identifier', 'Identifier', 'Identifier',  CURRENT_TIMESTAMP(), CURRENT_TIMESTAMP());
INSERT INTO internal_list_dtl(internal_list_dtl_sk, internal_list_code, internal_list_code_desc, display_name, internal_list_type_sk, created_date, updated_date) values('5530770b-3bbb-485d-8699-30f0eef91b0e', 'SSN', 'Social Security Number','Social Security Number',  '6d62ad22-f3df-438a-bf55-ff8bd3170845', CURRENT_TIMESTAMP(), CURRENT_TIMESTAMP());
INSERT INTO internal_list_dtl(internal_list_dtl_sk, internal_list_code, internal_list_code_desc, display_name, internal_list_type_sk, created_date, updated_date) values('755bff34-a9c2-4c32-b816-ce05351352d4', 'TIN', 'Tax Identification Number','Tax Identification Number',  '6d62ad22-f3df-438a-bf55-ff8bd3170845', CURRENT_TIMESTAMP(), CURRENT_TIMESTAMP());
INSERT INTO internal_list_dtl(internal_list_dtl_sk, internal_list_code, internal_list_code_desc, display_name, internal_list_type_sk, created_date, updated_date) values('b62ab269-2c4a-4187-8ed4-28b4d3ec05a2', 'EXCHSUBID', 'Exchange Subscriber Id', 'Exchange Subscriber Id',  '6d62ad22-f3df-438a-bf55-ff8bd3170845', CURRENT_TIMESTAMP(), CURRENT_TIMESTAMP());
INSERT INTO internal_list_dtl(internal_list_dtl_sk, internal_list_code, internal_list_code_desc, display_name, internal_list_type_sk, created_date, updated_date) values('871f77ae-3ed3-4d08-861d-97118deeb5bc', 'EXCHMEMID', 'Exchange Member Id', 'Exchange Member Id',  '6d62ad22-f3df-438a-bf55-ff8bd3170845', CURRENT_TIMESTAMP(), CURRENT_TIMESTAMP());
INSERT INTO internal_list_dtl(internal_list_dtl_sk, internal_list_code, internal_list_code_desc, display_name, internal_list_type_sk, created_date, updated_date) values('4550cbac-8be5-4504-9dab-d7d757c89dc2', 'HHCASEID', 'House Hold Case Id', 'House Hold Case Id',  '6d62ad22-f3df-438a-bf55-ff8bd3170845', CURRENT_TIMESTAMP(), CURRENT_TIMESTAMP());
INSERT INTO internal_list_dtl(internal_list_dtl_sk, internal_list_code, internal_list_code_desc, display_name, internal_list_type_sk, created_date, updated_date) values('2634c670-8cdf-4ca3-aad8-3b436409d79f', 'PYMTID', 'Payment Transaction Id', 'Payment Transaction Id',  '6d62ad22-f3df-438a-bf55-ff8bd3170845', CURRENT_TIMESTAMP(), CURRENT_TIMESTAMP());

INSERT INTO internal_list_type(internal_list_type_sk, internal_list_type_name, internal_list_type_desc,   display_name, created_date, updated_date) values('c3009049-24e8-447b-a895-addf80756551', 'Gender', 'Gender', 'Gender', CURRENT_TIMESTAMP(), CURRENT_TIMESTAMP());
INSERT INTO internal_list_dtl(internal_list_dtl_sk, internal_list_code, internal_list_code_desc,   display_name, internal_list_type_sk, created_date, updated_date) values('fe3fcdc2-9adb-492b-b034-f48335b5040d', 'MALE', 'Male', 'Male', 'c3009049-24e8-447b-a895-addf80756551', CURRENT_TIMESTAMP(), CURRENT_TIMESTAMP());
INSERT INTO internal_list_dtl(internal_list_dtl_sk, internal_list_code, internal_list_code_desc,   display_name, internal_list_type_sk, created_date, updated_date) values('61b4366f-7277-4dc1-a329-0520bc554ee5', 'FEMALE', 'Female', 'Female', 'c3009049-24e8-447b-a895-addf80756551', CURRENT_TIMESTAMP(), CURRENT_TIMESTAMP());

INSERT INTO intrnl_extrnl_type_xwalk(list_type_xwalk_sk, internal_list_type_sk, external_list_type_sk, created_date, updated_date) VALUES ('46934525-0ed2-4a8c-8ec2-070714182133', '6d62ad22-f3df-438a-bf55-ff8bd3170845', '75d517b2-630d-4c09-9187-7541df982cbc', CURRENT_TIMESTAMP(), CURRENT_TIMESTAMP());

INSERT INTO intrnl_extrnl_dtl_xwalk(list_detail_xwalk, list_type_xwalk_sk, internal_list_dtl_sk, external_list_dtl_sk, created_date, updated_date) VALUES (160001,'46934525-0ed2-4a8c-8ec2-070714182133','5530770b-3bbb-485d-8699-30f0eef91b0e','054adef6-6255-43ad-b4a1-a449dc5c8f03', CURRENT_TIMESTAMP(), CURRENT_TIMESTAMP());
INSERT INTO intrnl_extrnl_dtl_xwalk(list_detail_xwalk, list_type_xwalk_sk, internal_list_dtl_sk, external_list_dtl_sk, created_date, updated_date) VALUES (160002,'46934525-0ed2-4a8c-8ec2-070714182133','755bff34-a9c2-4c32-b816-ce05351352d4','a89a3621-1eb4-4c72-b5c6-2473e3d44288', CURRENT_TIMESTAMP(), CURRENT_TIMESTAMP());
INSERT INTO intrnl_extrnl_dtl_xwalk(list_detail_xwalk, list_type_xwalk_sk, internal_list_dtl_sk, external_list_dtl_sk, created_date, updated_date) VALUES (160003,'46934525-0ed2-4a8c-8ec2-070714182133','b62ab269-2c4a-4187-8ed4-28b4d3ec05a2','cc38af35-83ca-4dac-8291-6d920c6c7596', CURRENT_TIMESTAMP(), CURRENT_TIMESTAMP());
INSERT INTO intrnl_extrnl_dtl_xwalk(list_detail_xwalk, list_type_xwalk_sk, internal_list_dtl_sk, external_list_dtl_sk, created_date, updated_date) VALUES (160004,'46934525-0ed2-4a8c-8ec2-070714182133','871f77ae-3ed3-4d08-861d-97118deeb5bc','f2964382-af51-4fb1-b192-73dab64f2be3', CURRENT_TIMESTAMP(), CURRENT_TIMESTAMP());
INSERT INTO intrnl_extrnl_dtl_xwalk(list_detail_xwalk, list_type_xwalk_sk, internal_list_dtl_sk, external_list_dtl_sk, created_date, updated_date) VALUES (160005,'46934525-0ed2-4a8c-8ec2-070714182133','4550cbac-8be5-4504-9dab-d7d757c89dc2','a1f47a57-4bd3-4942-ab4e-c9acbd6df67f', CURRENT_TIMESTAMP(), CURRENT_TIMESTAMP());
INSERT INTO intrnl_extrnl_dtl_xwalk(list_detail_xwalk, list_type_xwalk_sk, internal_list_dtl_sk, external_list_dtl_sk, created_date, updated_date) VALUES (160006,'46934525-0ed2-4a8c-8ec2-070714182133','2634c670-8cdf-4ca3-aad8-3b436409d79f','a1f47a57-4bd3-4942-ab4e-c9acbd6df67f', CURRENT_TIMESTAMP(), CURRENT_TIMESTAMP());