INSERT INTO zeusrefdatadb.external_source(external_source_sk, external_source_code, external_source_name, external_source_desc, created_date, updated_date) VALUES ('9e60df27-a4e1-4b64-9f38-fd9f39697485', 'EDI834', 'EDI-834', 'EDI TRANSACTIONS', SYSDATE(), SYSDATE());

-- External List and type for the above external source
INSERT INTO zeusrefdatadb.external_list_type(external_list_type_sk, external_list_type_name, external_list_type_desc, display_name, external_source_sk, created_date, updated_date) VALUES ('b0a1e241-ff4e-4773-a9a3-5bfc13c13801','Identifier', 'Identifier', 'Identifier', '9e60df27-a4e1-4b64-9f38-fd9f39697485', SYSDATE(), SYSDATE());
INSERT INTO zeusrefdatadb.external_list_dtl(external_list_dtl_sk, external_list_type_sk, external_list_code, external_list_desc, display_name, created_date, updated_date) VALUES ('8593f731-351a-4787-b636-00f373542d8e', 'b0a1e241-ff4e-4773-a9a3-5bfc13c13801', '34', 'Social Security Number', 'Social Security Number', SYSDATE(), SYSDATE());
INSERT INTO zeusrefdatadb.external_list_dtl(external_list_dtl_sk, external_list_type_sk, external_list_code, external_list_desc, display_name, created_date, updated_date) VALUES ('c413a544-66e6-485e-8c56-43bc41946c5d', 'b0a1e241-ff4e-4773-a9a3-5bfc13c13801', 'FI', 'Federal Tax Identifier', 'Federal Tax Identifier', SYSDATE(), SYSDATE());
INSERT INTO zeusrefdatadb.external_list_dtl(external_list_dtl_sk, external_list_type_sk, external_list_code, external_list_desc, display_name, created_date, updated_date) VALUES ('d130543b-db8e-4ded-9498-c7f0f2c3cb4f', 'b0a1e241-ff4e-4773-a9a3-5bfc13c13801', '0F', 'Exchange Subscriber Id', 'Exchange Subscriber Id', SYSDATE(), SYSDATE());
INSERT INTO zeusrefdatadb.external_list_dtl(external_list_dtl_sk, external_list_type_sk, external_list_code, external_list_desc, display_name, created_date, updated_date) VALUES ('3c02ed4d-02dd-4485-9858-57f9a4412101', 'b0a1e241-ff4e-4773-a9a3-5bfc13c13801', '17', 'Exchange Member Id', 'Exchange Member Id', SYSDATE(), SYSDATE());
INSERT INTO zeusrefdatadb.external_list_dtl(external_list_dtl_sk, external_list_type_sk, external_list_code, external_list_desc, display_name, created_date, updated_date) VALUES ('526e415b-0b1a-45cc-bf39-0b6d7cb21125', 'b0a1e241-ff4e-4773-a9a3-5bfc13c13801', '6O', 'Cross Reference Id','Cross Reference Id', SYSDATE(), SYSDATE());

-- Internal List types and list codes
INSERT INTO zeusrefdatadb.internal_list_type(internal_list_type_sk, internal_list_type_name, internal_list_type_desc, display_name, created_date, updated_date) values('20b34667-3121-40b0-b686-0d15f8b07587', 'Identifier1', 'Identifier', 'Identifier', sysdate(), sysdate());
INSERT INTO zeusrefdatadb.internal_list_dtl(internal_list_dtl_sk, internal_list_code, internal_list_code_desc, display_name, internal_list_type_sk, created_date, updated_date) value ('d974ae53-37f5-4aea-bf1e-c1098f570585', 'SSN', 'Social Security Number', 'Social Security Number', '20b34667-3121-40b0-b686-0d15f8b07587', sysdate(), sysdate());
INSERT INTO zeusrefdatadb.internal_list_dtl(internal_list_dtl_sk, internal_list_code, internal_list_code_desc, display_name, internal_list_type_sk, created_date, updated_date) values('aef3967d-471c-4f0b-b003-eddf4316f1a6', 'TIN', 'Tax Identification Number', 'Tax Identification Number', '20b34667-3121-40b0-b686-0d15f8b07587', sysdate(), sysdate());
INSERT INTO zeusrefdatadb.internal_list_dtl(internal_list_dtl_sk, internal_list_code, internal_list_code_desc, display_name, internal_list_type_sk, created_date, updated_date) values('27c28dea-1ea8-415f-a533-c2953933fe02', 'EXCHSUBID', 'Exchange Subscriber Id', 'Exchange Subscriber Id', '20b34667-3121-40b0-b686-0d15f8b07587', sysdate(), sysdate());
INSERT INTO zeusrefdatadb.internal_list_dtl(internal_list_dtl_sk, internal_list_code, internal_list_code_desc, display_name, internal_list_type_sk, created_date, updated_date) values('95b0fe0e-b33c-44a8-b93a-f7939e99d3e2', 'EXCHMEMID', 'Exchange Member Id', 'Exchange Member Id', '20b34667-3121-40b0-b686-0d15f8b07587', sysdate(), sysdate());
INSERT INTO zeusrefdatadb.internal_list_dtl(internal_list_dtl_sk, internal_list_code, internal_list_code_desc, display_name, internal_list_type_sk, created_date, updated_date) values('a2dab678-7bf8-4287-a01b-af8a8e250392', 'HHCASEID', 'House Hold Case Id', 'House Hold Case Id', '20b34667-3121-40b0-b686-0d15f8b07587', sysdate(), sysdate());
INSERT INTO zeusrefdatadb.internal_list_dtl(internal_list_dtl_sk, internal_list_code, internal_list_code_desc, display_name, internal_list_type_sk, created_date, updated_date) values('021dfc45-704f-445a-ad3d-f3bee8d444bb', 'PYMTID', 'Payment Transaction Id', 'Payment Transaction Id', '20b34667-3121-40b0-b686-0d15f8b07587', sysdate(), sysdate());
INSERT INTO zeusrefdatadb.internal_list_dtl(internal_list_dtl_sk, internal_list_code, internal_list_code_desc, display_name, internal_list_type_sk, created_date, updated_date) values('09c129ac-35aa-4a6d-accb-2904aa138d72', 'STATEID', 'State Id', 'State Id', '20b34667-3121-40b0-b686-0d15f8b07587', sysdate(), sysdate());

INSERT INTO zeusrefdatadb.internal_list_type(internal_list_type_sk, internal_list_type_name, internal_list_type_desc, display_name, created_date, updated_date) values('f03a4f9a-5fdd-414b-96ff-8e4796153c85', 'LineOfBusiness', 'Line of business', 'Line of business', sysdate(), sysdate());
INSERT INTO zeusrefdatadb.internal_list_dtl(internal_list_dtl_sk, internal_list_code, internal_list_code_desc, display_name, internal_list_type_sk,  created_date, updated_date) value ('fb55ce40-f6df-4016-ba18-39be4d36949d', 'HIX', 'Health Information Exchange', 'Health Information Exchange',  'f03a4f9a-5fdd-414b-96ff-8e4796153c85', sysdate(), sysdate());
INSERT INTO zeusrefdatadb.internal_list_dtl(internal_list_dtl_sk, internal_list_code, internal_list_code_desc, display_name, internal_list_type_sk, created_date, updated_date) value ('448ab708-999a-4a44-8d6e-5818b2626435', 'MDC', 'Medicare', 'Medicare', 'f03a4f9a-5fdd-414b-96ff-8e4796153c85', sysdate(), sysdate());

INSERT INTO zeusrefdatadb.internal_list_type(internal_list_type_sk, internal_list_type_name, internal_list_type_desc, display_name, created_date, updated_date) values('aab1357a-3068-4c48-990c-0a0cc3f7d568', 'Marketplace', 'Marketplace Type', 'Marketplace Type', sysdate(), sysdate());
INSERT INTO zeusrefdatadb.internal_list_dtl(internal_list_dtl_sk, internal_list_code, internal_list_code_desc, display_name, internal_list_type_sk, created_date, updated_date) value ('8b13b6e1-4096-4736-9656-0e5de9884ca8', 'FFM', 'Federally Facilitated Marketplace', 'Federally Facilitated Marketplace', 'aab1357a-3068-4c48-990c-0a0cc3f7d568', sysdate(), sysdate());
INSERT INTO zeusrefdatadb.internal_list_dtl(internal_list_dtl_sk, internal_list_code, internal_list_code_desc, display_name, internal_list_type_sk, created_date, updated_date) value ('7d01c260-443d-47af-a324-99f0b703c32e', 'OFFX', 'OFF Exchange', 'OFF Exchange', 'aab1357a-3068-4c48-990c-0a0cc3f7d568', sysdate(), sysdate());
INSERT INTO zeusrefdatadb.internal_list_dtl(internal_list_dtl_sk, internal_list_code, internal_list_code_desc, display_name, internal_list_type_sk, created_date, updated_date) values ('be9d1b5f-99de-490f-81b9-46a8528bd75e', 'SBE', 'State Based Exchange', 'State Based Exchange', 'aab1357a-3068-4c48-990c-0a0cc3f7d568', sysdate(), sysdate());


INSERT INTO zeusrefdatadb.internal_list_type(internal_list_type_sk, internal_list_type_name, internal_list_type_desc, display_name, created_date, updated_date) values('7c7e1161-9d08-414e-ad26-6e7fb45b1aa0', 'State', 'State Code', 'State Code', sysdate(), sysdate());
INSERT INTO zeusrefdatadb.internal_list_dtl(internal_list_dtl_sk, internal_list_code, internal_list_code_desc, display_name, internal_list_type_sk, created_date, updated_date) value ('bd99e6d2-c7d0-4670-977f-18476fd39699', 'AL', 'Alabama','Alabama', '7c7e1161-9d08-414e-ad26-6e7fb45b1aa0', sysdate(), sysdate());
INSERT INTO zeusrefdatadb.internal_list_dtl(internal_list_dtl_sk, internal_list_code, internal_list_code_desc, display_name, internal_list_type_sk, created_date, updated_date) value ('b3c0a6c5-e6db-4038-8c07-31779d5dbcf0', 'AK', 'Alaska','Alaska', '7c7e1161-9d08-414e-ad26-6e7fb45b1aa0', sysdate(), sysdate());
INSERT INTO zeusrefdatadb.internal_list_dtl(internal_list_dtl_sk, internal_list_code, internal_list_code_desc, display_name, internal_list_type_sk, created_date, updated_date) values ('7495851c-6b61-4e67-b4f5-211de47bc1be', 'AZ', 'Arizona', 'Arizona', '7c7e1161-9d08-414e-ad26-6e7fb45b1aa0', sysdate(), sysdate());


-- Internal/External crosswalk
INSERT INTO zeusrefdatadb.intrnl_extrnl_type_xwalk(list_type_xwalk_sk, internal_list_type_sk, external_list_type_sk, created_date, updated_date) VALUES ('a11fcc0f-b078-4782-9310-e1b4b7caf4f9', '20b34667-3121-40b0-b686-0d15f8b07587', 'b0a1e241-ff4e-4773-a9a3-5bfc13c13801', SYSDATE(), SYSDATE());
INSERT INTO zeusrefdatadb.intrnl_extrnl_dtl_xwalk(list_detail_xwalk, list_type_xwalk_sk, internal_list_dtl_sk, external_list_dtl_sk, created_date, updated_date) VALUES ('6541694e-548d-4d20-95b2-98586816161e','a11fcc0f-b078-4782-9310-e1b4b7caf4f9','d974ae53-37f5-4aea-bf1e-c1098f570585','8593f731-351a-4787-b636-00f373542d8e', SYSDATE(), SYSDATE());
INSERT INTO zeusrefdatadb.intrnl_extrnl_dtl_xwalk(list_detail_xwalk, list_type_xwalk_sk, internal_list_dtl_sk, external_list_dtl_sk, created_date, updated_date) VALUES ('54fbca3d-de44-47b2-92b4-4333bc6a86c6','a11fcc0f-b078-4782-9310-e1b4b7caf4f9','aef3967d-471c-4f0b-b003-eddf4316f1a6','c413a544-66e6-485e-8c56-43bc41946c5d', SYSDATE(), SYSDATE());
INSERT INTO zeusrefdatadb.intrnl_extrnl_dtl_xwalk(list_detail_xwalk, list_type_xwalk_sk, internal_list_dtl_sk, external_list_dtl_sk, created_date, updated_date) VALUES ('acf6e316-7dcc-44c2-bdf0-95167c702051','a11fcc0f-b078-4782-9310-e1b4b7caf4f9','27c28dea-1ea8-415f-a533-c2953933fe02','d130543b-db8e-4ded-9498-c7f0f2c3cb4f', SYSDATE(), SYSDATE());
INSERT INTO zeusrefdatadb.intrnl_extrnl_dtl_xwalk(list_detail_xwalk, list_type_xwalk_sk, internal_list_dtl_sk, external_list_dtl_sk, created_date, updated_date) VALUES ('a21ed691-2c65-40fa-b34d-12d30b647b72','a11fcc0f-b078-4782-9310-e1b4b7caf4f9','95b0fe0e-b33c-44a8-b93a-f7939e99d3e2','3c02ed4d-02dd-4485-9858-57f9a4412101', SYSDATE(), SYSDATE());
INSERT INTO zeusrefdatadb.intrnl_extrnl_dtl_xwalk(list_detail_xwalk, list_type_xwalk_sk, internal_list_dtl_sk, external_list_dtl_sk, created_date, updated_date) VALUES ('8bda2c2c-6a5e-4f1b-a3bf-cbeca7455944','a11fcc0f-b078-4782-9310-e1b4b7caf4f9','a2dab678-7bf8-4287-a01b-af8a8e250392','526e415b-0b1a-45cc-bf39-0b6d7cb21125', SYSDATE(), SYSDATE());
INSERT INTO zeusrefdatadb.intrnl_extrnl_dtl_xwalk(list_detail_xwalk, list_type_xwalk_sk, internal_list_dtl_sk, external_list_dtl_sk, created_date, updated_date) VALUES ('f2bd1db8-b5d6-4848-9bb4-ca0a721b3ae5','a11fcc0f-b078-4782-9310-e1b4b7caf4f9','021dfc45-704f-445a-ad3d-f3bee8d444bb','526e415b-0b1a-45cc-bf39-0b6d7cb21125', SYSDATE(), SYSDATE());