INSERT INTO zeusrefdatadb.external_source(external_source_sk, external_source_code, external_source_name, external_source_desc, created_date, updated_date) VALUES ('9e60df27-a4e1-4b64-9f38-fd9f39697485', 'EDI834', 'EDI-834', 'EDI TRANSACTIONS', SYSDATE(), SYSDATE());

-- External List and type for the above external source
-- External Identifier List
INSERT INTO zeusrefdatadb.external_list_type(external_list_type_sk, external_list_type_name, external_list_type_desc, display_name, external_source_sk, created_date, updated_date) VALUES ('b0a1e241-ff4e-4773-a9a3-5bfc13c13801','Identifier', 'Identifier', 'Identifier', '9e60df27-a4e1-4b64-9f38-fd9f39697485', SYSDATE(), SYSDATE());
INSERT INTO zeusrefdatadb.external_list_dtl(external_list_dtl_sk, external_list_type_sk, external_list_code, external_list_desc, display_name, created_date, updated_date) VALUES ('8593f731-351a-4787-b636-00f373542d8e', 'b0a1e241-ff4e-4773-a9a3-5bfc13c13801', '34', 'Social Security Number', 'Social Security Number', SYSDATE(), SYSDATE());
INSERT INTO zeusrefdatadb.external_list_dtl(external_list_dtl_sk, external_list_type_sk, external_list_code, external_list_desc, display_name, created_date, updated_date) VALUES ('1755cf58-f1b6-4343-8273-980f4b90255e', 'b0a1e241-ff4e-4773-a9a3-5bfc13c13801', '24', 'Employer Identification Number', 'Employer Identification Number', SYSDATE(), SYSDATE());
INSERT INTO zeusrefdatadb.external_list_dtl(external_list_dtl_sk, external_list_type_sk, external_list_code, external_list_desc, display_name, created_date, updated_date) VALUES ('c413a544-66e6-485e-8c56-43bc41946c5d', 'b0a1e241-ff4e-4773-a9a3-5bfc13c13801', 'FI', 'Federal Tax Identifier', 'Federal Tax Identifier', SYSDATE(), SYSDATE());
INSERT INTO zeusrefdatadb.external_list_dtl(external_list_dtl_sk, external_list_type_sk, external_list_code, external_list_desc, display_name, created_date, updated_date) VALUES ('d130543b-db8e-4ded-9498-c7f0f2c3cb4f', 'b0a1e241-ff4e-4773-a9a3-5bfc13c13801', '0F', 'Exchange Subscriber Id', 'Exchange Subscriber Id', SYSDATE(), SYSDATE());
INSERT INTO zeusrefdatadb.external_list_dtl(external_list_dtl_sk, external_list_type_sk, external_list_code, external_list_desc, display_name, created_date, updated_date) VALUES ('3c02ed4d-02dd-4485-9858-57f9a4412101', 'b0a1e241-ff4e-4773-a9a3-5bfc13c13801', '17', 'Exchange Member Id', 'Exchange Member Id', SYSDATE(), SYSDATE());
INSERT INTO zeusrefdatadb.external_list_dtl(external_list_dtl_sk, external_list_type_sk, external_list_code, external_list_desc, display_name, created_date, updated_date) VALUES ('526e415b-0b1a-45cc-bf39-0b6d7cb21125', 'b0a1e241-ff4e-4773-a9a3-5bfc13c13801', '6O', 'Cross Reference Id','Cross Reference Id', SYSDATE(), SYSDATE());

-- External Transaction Types List
INSERT INTO zeusrefdatadb.external_list_type(external_list_type_sk, external_list_type_name, external_list_type_desc, display_name, external_source_sk, created_date, updated_date) VALUES ('69966386-627e-49ec-973b-18294b58a7c3','Transaction', 'Transaction', 'Transaction Type', '9e60df27-a4e1-4b64-9f38-fd9f39697485', SYSDATE(), SYSDATE());
INSERT INTO zeusrefdatadb.external_list_dtl(external_list_dtl_sk, external_list_type_sk, external_list_code, external_list_desc, display_name, created_date, updated_date) VALUES ('c151c066-1e3f-42c2-bf4e-18ae7c0d476f', '69966386-627e-49ec-973b-18294b58a7c3', '021', 'Add Transaction', 'Add', SYSDATE(), SYSDATE());
INSERT INTO zeusrefdatadb.external_list_dtl(external_list_dtl_sk, external_list_type_sk, external_list_code, external_list_desc, display_name, created_date, updated_date) VALUES ('cdffa9a0-7eab-49cf-b451-627ee2ba2847', '69966386-627e-49ec-973b-18294b58a7c3', '001', 'Change Transaction', 'Change', SYSDATE(), SYSDATE());
INSERT INTO zeusrefdatadb.external_list_dtl(external_list_dtl_sk, external_list_type_sk, external_list_code, external_list_desc, display_name, created_date, updated_date) VALUES ('4a97235d-3fc8-45d3-96fd-447f6f50974e', '69966386-627e-49ec-973b-18294b58a7c3', '024', 'Cancel/Term Transaction', 'Cancel/Term', SYSDATE(), SYSDATE());
INSERT INTO zeusrefdatadb.external_list_dtl(external_list_dtl_sk, external_list_type_sk, external_list_code, external_list_desc, display_name, created_date, updated_date) VALUES ('f1f2dd32-182a-4eea-ac88-cb144f04617f', '69966386-627e-49ec-973b-18294b58a7c3', '025', 'Reinstatement Transaction', 'Reinstatement', SYSDATE(), SYSDATE());

-- External Relationship Type List
INSERT INTO zeusrefdatadb.external_list_type(external_list_type_sk, external_list_type_name, external_list_type_desc, display_name, external_source_sk, created_date, updated_date) VALUES ('8cff5511-e877-44e3-a2bf-65ecdf292018','Relationship', 'Relationship', 'Relationship Type', '9e60df27-a4e1-4b64-9f38-fd9f39697485', SYSDATE(), SYSDATE());
INSERT INTO zeusrefdatadb.external_list_dtl(external_list_dtl_sk, external_list_type_sk, external_list_code, external_list_desc, display_name, created_date, updated_date) VALUES ('324e4fc5-1c37-48e9-b0f6-cd0f7b4081b3', '8cff5511-e877-44e3-a2bf-65ecdf292018', '01', 'Spouse', 'Spouse', SYSDATE(), SYSDATE());
INSERT INTO zeusrefdatadb.external_list_dtl(external_list_dtl_sk, external_list_type_sk, external_list_code, external_list_desc, display_name, created_date, updated_date) VALUES ('0c80b9c7-cbbc-4a5d-b770-ba2e5625a7f3', '8cff5511-e877-44e3-a2bf-65ecdf292018', '03', 'Father or Mother', 'Father or Mother', SYSDATE(), SYSDATE());
INSERT INTO zeusrefdatadb.external_list_dtl(external_list_dtl_sk, external_list_type_sk, external_list_code, external_list_desc, display_name, created_date, updated_date) VALUES ('74555716-a0ea-47c8-86b0-45f9e2c4ae34', '8cff5511-e877-44e3-a2bf-65ecdf292018', '04', 'Grandfather or Grandmother', 'Grandfather or Grandmother', SYSDATE(), SYSDATE());
INSERT INTO zeusrefdatadb.external_list_dtl(external_list_dtl_sk, external_list_type_sk, external_list_code, external_list_desc, display_name, created_date, updated_date) VALUES ('53214eb5-d28b-4d6a-97a7-12991afed5e7', '8cff5511-e877-44e3-a2bf-65ecdf292018', '05', 'Grandson or Granddaughter', 'Grandson or Granddaughter', SYSDATE(), SYSDATE());
INSERT INTO zeusrefdatadb.external_list_dtl(external_list_dtl_sk, external_list_type_sk, external_list_code, external_list_desc, display_name, created_date, updated_date) VALUES ('3a8b0a9e-b693-4d16-884f-a09a5ed3c9a0', '8cff5511-e877-44e3-a2bf-65ecdf292018', '06', 'Uncle or Aunt', 'Uncle or Aunt', SYSDATE(), SYSDATE());
INSERT INTO zeusrefdatadb.external_list_dtl(external_list_dtl_sk, external_list_type_sk, external_list_code, external_list_desc, display_name, created_date, updated_date) VALUES ('e751b4bd-7033-49b5-a076-82ac38c26dc0', '8cff5511-e877-44e3-a2bf-65ecdf292018', '07', 'Nephew or Niece', 'Nephew or Niece', SYSDATE(), SYSDATE());
INSERT INTO zeusrefdatadb.external_list_dtl(external_list_dtl_sk, external_list_type_sk, external_list_code, external_list_desc, display_name, created_date, updated_date) VALUES ('94117bd5-f481-4fc8-888f-0c33f7589166', '8cff5511-e877-44e3-a2bf-65ecdf292018', '08', 'Cousin', 'Cousin', SYSDATE(), SYSDATE());
INSERT INTO zeusrefdatadb.external_list_dtl(external_list_dtl_sk, external_list_type_sk, external_list_code, external_list_desc, display_name, created_date, updated_date) VALUES ('7355855c-1efe-436a-810e-7f6dd3df5cd0', '8cff5511-e877-44e3-a2bf-65ecdf292018', '09', 'Adopted Child', 'Adopted Child', SYSDATE(), SYSDATE());
INSERT INTO zeusrefdatadb.external_list_dtl(external_list_dtl_sk, external_list_type_sk, external_list_code, external_list_desc, display_name, created_date, updated_date) VALUES ('12ab8701-b1b6-490b-a12d-1d6e760ef032', '8cff5511-e877-44e3-a2bf-65ecdf292018', '10', 'Foster Child', 'Foster Child', SYSDATE(), SYSDATE());
INSERT INTO zeusrefdatadb.external_list_dtl(external_list_dtl_sk, external_list_type_sk, external_list_code, external_list_desc, display_name, created_date, updated_date) VALUES ('a215eb89-4ea4-48d6-8af7-6ff9b691b7ac', '8cff5511-e877-44e3-a2bf-65ecdf292018', '11', 'Son-in-law or Daughter-in-law', 'Son-in-law or Daughter-in-law', SYSDATE(), SYSDATE());
INSERT INTO zeusrefdatadb.external_list_dtl(external_list_dtl_sk, external_list_type_sk, external_list_code, external_list_desc, display_name, created_date, updated_date) VALUES ('76d9e999-33a3-4b6b-a736-f6cae3eff617', '8cff5511-e877-44e3-a2bf-65ecdf292018', '12', 'Brother-in-law or Sister-in-law', 'Brother-in-law or Sister-in-law', SYSDATE(), SYSDATE());
INSERT INTO zeusrefdatadb.external_list_dtl(external_list_dtl_sk, external_list_type_sk, external_list_code, external_list_desc, display_name, created_date, updated_date) VALUES ('6c085548-03cb-4a1e-b93a-baf951465fe1', '8cff5511-e877-44e3-a2bf-65ecdf292018', '13', 'Mother-in-law or Father-in-law', 'Mother-in-law or Father-in-law', SYSDATE(), SYSDATE());
INSERT INTO zeusrefdatadb.external_list_dtl(external_list_dtl_sk, external_list_type_sk, external_list_code, external_list_desc, display_name, created_date, updated_date) VALUES ('ecefd287-bb9f-4338-8ac1-0c114654cdcc', '8cff5511-e877-44e3-a2bf-65ecdf292018', '14', 'Brother or Sister', 'Brother or Sister', SYSDATE(), SYSDATE());
INSERT INTO zeusrefdatadb.external_list_dtl(external_list_dtl_sk, external_list_type_sk, external_list_code, external_list_desc, display_name, created_date, updated_date) VALUES ('fc481cae-ea50-4c84-b7ff-45bfb4ee2edc', '8cff5511-e877-44e3-a2bf-65ecdf292018', '15', 'Ward', 'Ward', SYSDATE(), SYSDATE());
INSERT INTO zeusrefdatadb.external_list_dtl(external_list_dtl_sk, external_list_type_sk, external_list_code, external_list_desc, display_name, created_date, updated_date) VALUES ('8cb979a0-9725-4bd9-9561-9c4e49c48173', '8cff5511-e877-44e3-a2bf-65ecdf292018', '16', 'Stepparent', 'Stepparent', SYSDATE(), SYSDATE());
INSERT INTO zeusrefdatadb.external_list_dtl(external_list_dtl_sk, external_list_type_sk, external_list_code, external_list_desc, display_name, created_date, updated_date) VALUES ('c2341411-f337-4c0e-8ec5-3889950c2b2f', '8cff5511-e877-44e3-a2bf-65ecdf292018', '17', 'Stepson or Stepdaughter', 'Stepson or Stepdaughter', SYSDATE(), SYSDATE());
INSERT INTO zeusrefdatadb.external_list_dtl(external_list_dtl_sk, external_list_type_sk, external_list_code, external_list_desc, display_name, created_date, updated_date) VALUES ('2d0e660a-158d-478b-8dfa-cab417d10ef1', '8cff5511-e877-44e3-a2bf-65ecdf292018', '18', 'Self', 'Self', SYSDATE(), SYSDATE());
INSERT INTO zeusrefdatadb.external_list_dtl(external_list_dtl_sk, external_list_type_sk, external_list_code, external_list_desc, display_name, created_date, updated_date) VALUES ('fbdfcdcc-9fd2-45f0-8fb9-00e358ed1049', '8cff5511-e877-44e3-a2bf-65ecdf292018', '19', 'Child', 'Child', SYSDATE(), SYSDATE());
INSERT INTO zeusrefdatadb.external_list_dtl(external_list_dtl_sk, external_list_type_sk, external_list_code, external_list_desc, display_name, created_date, updated_date) VALUES ('fab65e21-a4c7-4e20-8479-32c1de8895ce', '8cff5511-e877-44e3-a2bf-65ecdf292018', '23', 'Sponsored Dependent', 'Sponsored Dependent', SYSDATE(), SYSDATE());
INSERT INTO zeusrefdatadb.external_list_dtl(external_list_dtl_sk, external_list_type_sk, external_list_code, external_list_desc, display_name, created_date, updated_date) VALUES ('fce9dad2-1f8a-4d18-b23e-d8277f0079da', '8cff5511-e877-44e3-a2bf-65ecdf292018', '24', 'Dependent of a minor dependent', 'Dependent of a minor dependent', SYSDATE(), SYSDATE());
INSERT INTO zeusrefdatadb.external_list_dtl(external_list_dtl_sk, external_list_type_sk, external_list_code, external_list_desc, display_name, created_date, updated_date) VALUES ('abd4243a-41de-4cf6-af00-118074de2204', '8cff5511-e877-44e3-a2bf-65ecdf292018', '25', 'Ex-Spouse', 'Ex-Spouse', SYSDATE(), SYSDATE());
INSERT INTO zeusrefdatadb.external_list_dtl(external_list_dtl_sk, external_list_type_sk, external_list_code, external_list_desc, display_name, created_date, updated_date) VALUES ('880ff88f-2463-4df6-8cd5-ecc14e478dae', '8cff5511-e877-44e3-a2bf-65ecdf292018', '26', 'Guardian', 'Guardian', SYSDATE(), SYSDATE());
INSERT INTO zeusrefdatadb.external_list_dtl(external_list_dtl_sk, external_list_type_sk, external_list_code, external_list_desc, display_name, created_date, updated_date) VALUES ('4a6cab50-0c83-4c3a-aef4-cab1b50b6dac', '8cff5511-e877-44e3-a2bf-65ecdf292018', '31', 'Court Appointed Guardian', 'Court Appointed Guardian', SYSDATE(), SYSDATE());
INSERT INTO zeusrefdatadb.external_list_dtl(external_list_dtl_sk, external_list_type_sk, external_list_code, external_list_desc, display_name, created_date, updated_date) VALUES ('8e8f4498-18b4-4919-8dae-aed04275bc5b', '8cff5511-e877-44e3-a2bf-65ecdf292018', '38', 'Collateral Dependent', 'Collateral Dependent', SYSDATE(), SYSDATE());
INSERT INTO zeusrefdatadb.external_list_dtl(external_list_dtl_sk, external_list_type_sk, external_list_code, external_list_desc, display_name, created_date, updated_date) VALUES ('9e10d45b-1fad-4ee9-a0e8-591b0acd6f15', '8cff5511-e877-44e3-a2bf-65ecdf292018', '53', 'Life Partner', 'Life Partner', SYSDATE(), SYSDATE());
INSERT INTO zeusrefdatadb.external_list_dtl(external_list_dtl_sk, external_list_type_sk, external_list_code, external_list_desc, display_name, created_date, updated_date) VALUES ('7ba246b3-5fbc-4fdc-ab5c-350929073e7e', '8cff5511-e877-44e3-a2bf-65ecdf292018', '60', 'Annultant', 'Annultant', SYSDATE(), SYSDATE());
INSERT INTO zeusrefdatadb.external_list_dtl(external_list_dtl_sk, external_list_type_sk, external_list_code, external_list_desc, display_name, created_date, updated_date) VALUES ('c118f2e0-1ed7-489e-a3e9-78f84400a480', '8cff5511-e877-44e3-a2bf-65ecdf292018', 'D2', 'Trustee', 'Trustee', SYSDATE(), SYSDATE());
INSERT INTO zeusrefdatadb.external_list_dtl(external_list_dtl_sk, external_list_type_sk, external_list_code, external_list_desc, display_name, created_date, updated_date) VALUES ('0db59033-61a9-4a64-8d76-1f022ef1e73d', '8cff5511-e877-44e3-a2bf-65ecdf292018', 'G8', 'Other Relationship', 'Other Relationship', SYSDATE(), SYSDATE());
INSERT INTO zeusrefdatadb.external_list_dtl(external_list_dtl_sk, external_list_type_sk, external_list_code, external_list_desc, display_name, created_date, updated_date) VALUES ('caee844c-5a93-44ef-a4ce-d77fd55947c9', '8cff5511-e877-44e3-a2bf-65ecdf292018', 'G9', 'Other Relative', 'Other Relative', SYSDATE(), SYSDATE());

-- External Reason Type List
INSERT INTO zeusrefdatadb.external_list_type(external_list_type_sk, external_list_type_name, external_list_type_desc, display_name, external_source_sk, created_date, updated_date) VALUES ('443cc31d-818d-456f-85f9-aa2dbf640a2a','Reason', 'Reason', 'Reason Type', '9e60df27-a4e1-4b64-9f38-fd9f39697485', SYSDATE(), SYSDATE());
INSERT INTO zeusrefdatadb.external_list_dtl(external_list_dtl_sk, external_list_type_sk, external_list_code, external_list_desc, display_name, created_date, updated_date) VALUES ('806525ab-562f-497c-9b05-277311b439e5', '443cc31d-818d-456f-85f9-aa2dbf640a2a', '01', 'Divorce', 'Divorce', SYSDATE(), SYSDATE());
INSERT INTO zeusrefdatadb.external_list_dtl(external_list_dtl_sk, external_list_type_sk, external_list_code, external_list_desc, display_name, created_date, updated_date) VALUES ('b1230652-12e4-44de-b915-42aec6736771', '443cc31d-818d-456f-85f9-aa2dbf640a2a', '02', 'Birth', 'Birth', SYSDATE(), SYSDATE());
INSERT INTO zeusrefdatadb.external_list_dtl(external_list_dtl_sk, external_list_type_sk, external_list_code, external_list_desc, display_name, created_date, updated_date) VALUES ('4df05f3a-ca12-407a-b464-0ce152548222', '443cc31d-818d-456f-85f9-aa2dbf640a2a', '03', 'Death', 'Death', SYSDATE(), SYSDATE());
INSERT INTO zeusrefdatadb.external_list_dtl(external_list_dtl_sk, external_list_type_sk, external_list_code, external_list_desc, display_name, created_date, updated_date) VALUES ('ddbc017e-dd92-42a5-9730-4a1ea42ecbe3', '443cc31d-818d-456f-85f9-aa2dbf640a2a', '04', 'Retirement', 'Retirement', SYSDATE(), SYSDATE());
INSERT INTO zeusrefdatadb.external_list_dtl(external_list_dtl_sk, external_list_type_sk, external_list_code, external_list_desc, display_name, created_date, updated_date) VALUES ('5ccb293f-565b-40f5-927d-55871eaffb58', '443cc31d-818d-456f-85f9-aa2dbf640a2a', '05', 'Adoption', 'Adoption', SYSDATE(), SYSDATE());
INSERT INTO zeusrefdatadb.external_list_dtl(external_list_dtl_sk, external_list_type_sk, external_list_code, external_list_desc, display_name, created_date, updated_date) VALUES ('c80fa9d7-699e-4b4d-8ee2-2ee427e33e4e', '443cc31d-818d-456f-85f9-aa2dbf640a2a', '06', 'Strike', 'Strike', SYSDATE(), SYSDATE());
INSERT INTO zeusrefdatadb.external_list_dtl(external_list_dtl_sk, external_list_type_sk, external_list_code, external_list_desc, display_name, created_date, updated_date) VALUES ('c3b6e8cd-22a1-4094-8207-055571c74c67', '443cc31d-818d-456f-85f9-aa2dbf640a2a', '07', 'Termination of Benefits', 'Termination of Benefits', SYSDATE(), SYSDATE());
INSERT INTO zeusrefdatadb.external_list_dtl(external_list_dtl_sk, external_list_type_sk, external_list_code, external_list_desc, display_name, created_date, updated_date) VALUES ('b36fe95b-3c30-4547-ba25-fbde8dd8f453', '443cc31d-818d-456f-85f9-aa2dbf640a2a', '08', 'Termination of Employment', 'Termination of Employment', SYSDATE(), SYSDATE());
INSERT INTO zeusrefdatadb.external_list_dtl(external_list_dtl_sk, external_list_type_sk, external_list_code, external_list_desc, display_name, created_date, updated_date) VALUES ('5049e218-f214-4185-be3b-1abb9f74e661', '443cc31d-818d-456f-85f9-aa2dbf640a2a', '09', 'COBRA', 'COBRA', SYSDATE(), SYSDATE());
INSERT INTO zeusrefdatadb.external_list_dtl(external_list_dtl_sk, external_list_type_sk, external_list_code, external_list_desc, display_name, created_date, updated_date) VALUES ('349cf4d1-a276-413d-83c6-907b83936e27', '443cc31d-818d-456f-85f9-aa2dbf640a2a', '10', 'COBRA Premium Paid', 'COBRA Premium Paid', SYSDATE(), SYSDATE());
INSERT INTO zeusrefdatadb.external_list_dtl(external_list_dtl_sk, external_list_type_sk, external_list_code, external_list_desc, display_name, created_date, updated_date) VALUES ('762ac217-5e57-4eaf-9740-d05df29680c4', '443cc31d-818d-456f-85f9-aa2dbf640a2a', '11', 'Surviving Spouse', 'Surviving Spouse', SYSDATE(), SYSDATE());
INSERT INTO zeusrefdatadb.external_list_dtl(external_list_dtl_sk, external_list_type_sk, external_list_code, external_list_desc, display_name, created_date, updated_date) VALUES ('c67dd27c-613e-4d46-903b-6c85bd94d18b', '443cc31d-818d-456f-85f9-aa2dbf640a2a', '14', 'Voluntary Withdrawal', 'Voluntary Withdrawal', SYSDATE(), SYSDATE());
INSERT INTO zeusrefdatadb.external_list_dtl(external_list_dtl_sk, external_list_type_sk, external_list_code, external_list_desc, display_name, created_date, updated_date) VALUES ('d6cc4741-6a9d-47c6-bda8-d3da2ee430ee', '443cc31d-818d-456f-85f9-aa2dbf640a2a', '15', 'Primary Care Provider (PCP) Change', 'Primary Care Provider (PCP) Change', SYSDATE(), SYSDATE());
INSERT INTO zeusrefdatadb.external_list_dtl(external_list_dtl_sk, external_list_type_sk, external_list_code, external_list_desc, display_name, created_date, updated_date) VALUES ('4e1a0449-c0e0-4dd1-848e-681253fadfaf', '443cc31d-818d-456f-85f9-aa2dbf640a2a', '16', 'Quit', 'Quit', SYSDATE(), SYSDATE());
INSERT INTO zeusrefdatadb.external_list_dtl(external_list_dtl_sk, external_list_type_sk, external_list_code, external_list_desc, display_name, created_date, updated_date) VALUES ('3447578d-5d3f-4761-9805-041f4d347583', '443cc31d-818d-456f-85f9-aa2dbf640a2a', '17', 'Fired', 'Fired', SYSDATE(), SYSDATE());
INSERT INTO zeusrefdatadb.external_list_dtl(external_list_dtl_sk, external_list_type_sk, external_list_code, external_list_desc, display_name, created_date, updated_date) VALUES ('87530211-5524-440d-8291-ee5ff38e230f', '443cc31d-818d-456f-85f9-aa2dbf640a2a', '18', 'Suspended', 'Suspended', SYSDATE(), SYSDATE());
INSERT INTO zeusrefdatadb.external_list_dtl(external_list_dtl_sk, external_list_type_sk, external_list_code, external_list_desc, display_name, created_date, updated_date) VALUES ('2716ad0f-8d0d-42ac-9a0e-276e7aea4f66', '443cc31d-818d-456f-85f9-aa2dbf640a2a', '20', 'Active', 'Active', SYSDATE(), SYSDATE());
INSERT INTO zeusrefdatadb.external_list_dtl(external_list_dtl_sk, external_list_type_sk, external_list_code, external_list_desc, display_name, created_date, updated_date) VALUES ('344c46e5-3aeb-49d6-af16-f2d45d070d25', '443cc31d-818d-456f-85f9-aa2dbf640a2a', '21', 'Disability', 'Disability', SYSDATE(), SYSDATE());
INSERT INTO zeusrefdatadb.external_list_dtl(external_list_dtl_sk, external_list_type_sk, external_list_code, external_list_desc, display_name, created_date, updated_date) VALUES ('a94273f0-4c3a-45bb-86cc-e639a3315457', '443cc31d-818d-456f-85f9-aa2dbf640a2a', '22', 'Plan Change', 'Plan Change', SYSDATE(), SYSDATE());
INSERT INTO zeusrefdatadb.external_list_dtl(external_list_dtl_sk, external_list_type_sk, external_list_code, external_list_desc, display_name, created_date, updated_date) VALUES ('6e2b51ff-eb39-4686-8e1c-d10d7d92893d', '443cc31d-818d-456f-85f9-aa2dbf640a2a', '25', 'Change in Identifying Data Elements', 'Change in Identifying Data Elements', SYSDATE(), SYSDATE());
INSERT INTO zeusrefdatadb.external_list_dtl(external_list_dtl_sk, external_list_type_sk, external_list_code, external_list_desc, display_name, created_date, updated_date) VALUES ('0ca9de84-42ec-417b-b790-2a054d610516', '443cc31d-818d-456f-85f9-aa2dbf640a2a', '26', 'Declined Coverage', 'Declined Coverage', SYSDATE(), SYSDATE());
INSERT INTO zeusrefdatadb.external_list_dtl(external_list_dtl_sk, external_list_type_sk, external_list_code, external_list_desc, display_name, created_date, updated_date) VALUES ('56af8665-b0b2-4abf-b623-ac3b8c570c56', '443cc31d-818d-456f-85f9-aa2dbf640a2a', '27', 'Pre-Enrollment', 'Pre-Enrollment', SYSDATE(), SYSDATE());
INSERT INTO zeusrefdatadb.external_list_dtl(external_list_dtl_sk, external_list_type_sk, external_list_code, external_list_desc, display_name, created_date, updated_date) VALUES ('1ecd7735-4d09-4c5b-850b-0ab55e271054', '443cc31d-818d-456f-85f9-aa2dbf640a2a', '28', 'Initial Enrollment', 'Initial Enrollment', SYSDATE(), SYSDATE());
INSERT INTO zeusrefdatadb.external_list_dtl(external_list_dtl_sk, external_list_type_sk, external_list_code, external_list_desc, display_name, created_date, updated_date) VALUES ('eb6d26e7-369e-4907-87d9-d749c2ea0cc3', '443cc31d-818d-456f-85f9-aa2dbf640a2a', '29', 'Benefit Selection', 'Benefit Selection', SYSDATE(), SYSDATE());
INSERT INTO zeusrefdatadb.external_list_dtl(external_list_dtl_sk, external_list_type_sk, external_list_code, external_list_desc, display_name, created_date, updated_date) VALUES ('e1fef227-16e1-4d23-9349-3132c3a1f7d1', '443cc31d-818d-456f-85f9-aa2dbf640a2a', '31', 'Legal Separation', 'Legal Separation', SYSDATE(), SYSDATE());
INSERT INTO zeusrefdatadb.external_list_dtl(external_list_dtl_sk, external_list_type_sk, external_list_code, external_list_desc, display_name, created_date, updated_date) VALUES ('04489427-9d48-4b15-b032-f024a8499365', '443cc31d-818d-456f-85f9-aa2dbf640a2a', '32', 'Marriage', 'Marriage', SYSDATE(), SYSDATE());
INSERT INTO zeusrefdatadb.external_list_dtl(external_list_dtl_sk, external_list_type_sk, external_list_code, external_list_desc, display_name, created_date, updated_date) VALUES ('553206cf-90a9-4beb-b0b4-a8f009dce1ad', '443cc31d-818d-456f-85f9-aa2dbf640a2a', '33', 'Personnel Data', 'Personnel Data', SYSDATE(), SYSDATE());
INSERT INTO zeusrefdatadb.external_list_dtl(external_list_dtl_sk, external_list_type_sk, external_list_code, external_list_desc, display_name, created_date, updated_date) VALUES ('7f25983d-2770-415e-866d-59a94a463f05', '443cc31d-818d-456f-85f9-aa2dbf640a2a', '37', 'Leave of Absence with Benefits', 'Leave of Absence with Benefits', SYSDATE(), SYSDATE());
INSERT INTO zeusrefdatadb.external_list_dtl(external_list_dtl_sk, external_list_type_sk, external_list_code, external_list_desc, display_name, created_date, updated_date) VALUES ('b3ff1b11-d91b-4e85-ba33-ee88dc8ca188', '443cc31d-818d-456f-85f9-aa2dbf640a2a', '38', 'Leave of Absence without Benefits', 'Leave of Absence without Benefits', SYSDATE(), SYSDATE());
INSERT INTO zeusrefdatadb.external_list_dtl(external_list_dtl_sk, external_list_type_sk, external_list_code, external_list_desc, display_name, created_date, updated_date) VALUES ('49017942-97ec-4010-84f2-173f427687ad', '443cc31d-818d-456f-85f9-aa2dbf640a2a', '39', 'Lay Off with Benefits', 'Lay Off with Benefits', SYSDATE(), SYSDATE());
INSERT INTO zeusrefdatadb.external_list_dtl(external_list_dtl_sk, external_list_type_sk, external_list_code, external_list_desc, display_name, created_date, updated_date) VALUES ('3f90078a-48e3-44b8-9ee7-e30d870d7dc3', '443cc31d-818d-456f-85f9-aa2dbf640a2a', '40', 'Lay Off without Benefits', 'Lay Off without Benefits', SYSDATE(), SYSDATE());
INSERT INTO zeusrefdatadb.external_list_dtl(external_list_dtl_sk, external_list_type_sk, external_list_code, external_list_desc, display_name, created_date, updated_date) VALUES ('fb330806-be87-47e2-8fb5-bb5c4148d8d4', '443cc31d-818d-456f-85f9-aa2dbf640a2a', '41', 'Re-enrollment', 'Re-enrollment', SYSDATE(), SYSDATE());
INSERT INTO zeusrefdatadb.external_list_dtl(external_list_dtl_sk, external_list_type_sk, external_list_code, external_list_desc, display_name, created_date, updated_date) VALUES ('024500c3-b8da-4003-9db9-ad8ef3035b8b', '443cc31d-818d-456f-85f9-aa2dbf640a2a', '43', 'Change of Location', 'Change of Location', SYSDATE(), SYSDATE());
INSERT INTO zeusrefdatadb.external_list_dtl(external_list_dtl_sk, external_list_type_sk, external_list_code, external_list_desc, display_name, created_date, updated_date) VALUES ('3ebe06c6-c5b4-4ca6-9ac3-868f306a6fec', '443cc31d-818d-456f-85f9-aa2dbf640a2a', '59', 'Non Payment', 'Non Payment', SYSDATE(), SYSDATE());
INSERT INTO zeusrefdatadb.external_list_dtl(external_list_dtl_sk, external_list_type_sk, external_list_code, external_list_desc, display_name, created_date, updated_date) VALUES ('7e362e25-30a5-467a-be52-866b8f56e2df', '443cc31d-818d-456f-85f9-aa2dbf640a2a', 'AA', 'Dissatisfaction with Office Staff', 'Dissatisfaction with Office Staff', SYSDATE(), SYSDATE());
INSERT INTO zeusrefdatadb.external_list_dtl(external_list_dtl_sk, external_list_type_sk, external_list_code, external_list_desc, display_name, created_date, updated_date) VALUES ('5456522b-dc33-4a31-b589-fb106fe54d54', '443cc31d-818d-456f-85f9-aa2dbf640a2a', 'AB', 'Dissatisfaction with Medical Care/Services Rendered', 'Dissatisfaction with Medical Care/Services Rendered', SYSDATE(), SYSDATE());
INSERT INTO zeusrefdatadb.external_list_dtl(external_list_dtl_sk, external_list_type_sk, external_list_code, external_list_desc, display_name, created_date, updated_date) VALUES ('6309ea25-990e-428f-86f3-ae1873ef4537', '443cc31d-818d-456f-85f9-aa2dbf640a2a', 'AC', 'Inconvenient Office Location', 'Inconvenient Office Location', SYSDATE(), SYSDATE());
INSERT INTO zeusrefdatadb.external_list_dtl(external_list_dtl_sk, external_list_type_sk, external_list_code, external_list_desc, display_name, created_date, updated_date) VALUES ('b799bfbb-de9f-4886-a282-56a6ceb40007', '443cc31d-818d-456f-85f9-aa2dbf640a2a', 'AD', 'Dissatisfaction with Office Hours', 'Dissatisfaction with Office Hours', SYSDATE(), SYSDATE());
INSERT INTO zeusrefdatadb.external_list_dtl(external_list_dtl_sk, external_list_type_sk, external_list_code, external_list_desc, display_name, created_date, updated_date) VALUES ('b80f6019-7fdb-4aac-9199-24e1a2ece01b', '443cc31d-818d-456f-85f9-aa2dbf640a2a', 'AE', 'Unable to Schedule Appointments in a Timely Manner', 'Unable to Schedule Appointments in a Timely Manner', SYSDATE(), SYSDATE());
INSERT INTO zeusrefdatadb.external_list_dtl(external_list_dtl_sk, external_list_type_sk, external_list_code, external_list_desc, display_name, created_date, updated_date) VALUES ('317fd90d-1ae9-4315-8fd3-8b7d3dc74a2c', '443cc31d-818d-456f-85f9-aa2dbf640a2a', 'AF', 'Dissatisfaction with Physician’s Referral Policy', 'Dissatisfaction with Physician’s Referral Policy', SYSDATE(), SYSDATE());
INSERT INTO zeusrefdatadb.external_list_dtl(external_list_dtl_sk, external_list_type_sk, external_list_code, external_list_desc, display_name, created_date, updated_date) VALUES ('7d64956c-49ac-4d8f-be22-2efb56d9824a', '443cc31d-818d-456f-85f9-aa2dbf640a2a', 'AG', 'Less Respect and Attention Time Given than to Other Patients', 'Less Respect and Attention Time Given than to Other Patients', SYSDATE(), SYSDATE());
INSERT INTO zeusrefdatadb.external_list_dtl(external_list_dtl_sk, external_list_type_sk, external_list_code, external_list_desc, display_name, created_date, updated_date) VALUES ('01604df1-c07b-4237-86ba-38e09a2b81b4', '443cc31d-818d-456f-85f9-aa2dbf640a2a', 'AH', 'Patient Moved to a New Location', 'Patient Moved to a New Location', SYSDATE(), SYSDATE());
INSERT INTO zeusrefdatadb.external_list_dtl(external_list_dtl_sk, external_list_type_sk, external_list_code, external_list_desc, display_name, created_date, updated_date) VALUES ('364a5e8d-7901-4c10-8d8e-d5be1ec5189b', '443cc31d-818d-456f-85f9-aa2dbf640a2a', 'AI', 'No Reason Given', 'No Reason Given', SYSDATE(), SYSDATE());
INSERT INTO zeusrefdatadb.external_list_dtl(external_list_dtl_sk, external_list_type_sk, external_list_code, external_list_desc, display_name, created_date, updated_date) VALUES ('3ddf94f3-5795-44cd-8938-190aa1604185', '443cc31d-818d-456f-85f9-aa2dbf640a2a', 'AJ', 'Appointment Times not Met in a Timely Manner', 'Appointment Times not Met in a Timely Manner', SYSDATE(), SYSDATE());
INSERT INTO zeusrefdatadb.external_list_dtl(external_list_dtl_sk, external_list_type_sk, external_list_code, external_list_desc, display_name, created_date, updated_date) VALUES ('7311adb4-bc6d-46c9-b99a-e399427ea231', '443cc31d-818d-456f-85f9-aa2dbf640a2a', 'AL', 'Algorithm Assigned Benefit Selection', 'Algorithm Assigned Benefit Selection', SYSDATE(), SYSDATE());
INSERT INTO zeusrefdatadb.external_list_dtl(external_list_dtl_sk, external_list_type_sk, external_list_code, external_list_desc, display_name, created_date, updated_date) VALUES ('c3ead2c9-4f00-4041-af49-a17577d2c506', '443cc31d-818d-456f-85f9-aa2dbf640a2a', 'EC', 'Member Benefit Selection', 'Member Benefit Selection', SYSDATE(), SYSDATE());
INSERT INTO zeusrefdatadb.external_list_dtl(external_list_dtl_sk, external_list_type_sk, external_list_code, external_list_desc, display_name, created_date, updated_date) VALUES ('fc7b96b7-4f20-4009-9298-c2c401be2c31', '443cc31d-818d-456f-85f9-aa2dbf640a2a', 'XN', 'Notification Only', 'Notification Only', SYSDATE(), SYSDATE());
INSERT INTO zeusrefdatadb.external_list_dtl(external_list_dtl_sk, external_list_type_sk, external_list_code, external_list_desc, display_name, created_date, updated_date) VALUES ('70e75216-272c-4f04-88c0-83e1a9f9b58c', '443cc31d-818d-456f-85f9-aa2dbf640a2a', 'XT', 'Transfer', 'Transfer', SYSDATE(), SYSDATE());

-- External Phone Type List
INSERT INTO zeusrefdatadb.external_list_type(external_list_type_sk, external_list_type_name, external_list_type_desc, display_name, external_source_sk, created_date, updated_date) VALUES ('b332303d-0803-482c-9698-31de1608d007','Phone', 'Phone', 'Phone Type', '9e60df27-a4e1-4b64-9f38-fd9f39697485', SYSDATE(), SYSDATE());
INSERT INTO zeusrefdatadb.external_list_dtl(external_list_dtl_sk, external_list_type_sk, external_list_code, external_list_desc, display_name, created_date, updated_date) VALUES ('9d9c8ad9-d90a-4aec-b8af-619fc48bda77', 'b332303d-0803-482c-9698-31de1608d007', 'AP', 'Alternate Telephone', 'Alternate Telephone', SYSDATE(), SYSDATE());
INSERT INTO zeusrefdatadb.external_list_dtl(external_list_dtl_sk, external_list_type_sk, external_list_code, external_list_desc, display_name, created_date, updated_date) VALUES ('a68178ab-f641-450c-a3c3-bd073d7c694b', 'b332303d-0803-482c-9698-31de1608d007', 'BN', 'Beeper Number', 'Beeper Number', SYSDATE(), SYSDATE());
INSERT INTO zeusrefdatadb.external_list_dtl(external_list_dtl_sk, external_list_type_sk, external_list_code, external_list_desc, display_name, created_date, updated_date) VALUES ('df88a9a1-b499-4865-adc0-90e4223e78eb', 'b332303d-0803-482c-9698-31de1608d007', 'CP', 'Cellular Phone', 'Cellular Phone', SYSDATE(), SYSDATE());
INSERT INTO zeusrefdatadb.external_list_dtl(external_list_dtl_sk, external_list_type_sk, external_list_code, external_list_desc, display_name, created_date, updated_date) VALUES ('086a9e24-97d1-4ba7-9eba-749d1c613341', 'b332303d-0803-482c-9698-31de1608d007', 'EX', 'Telephone Extension', 'Telephone Extension', SYSDATE(), SYSDATE());
INSERT INTO zeusrefdatadb.external_list_dtl(external_list_dtl_sk, external_list_type_sk, external_list_code, external_list_desc, display_name, created_date, updated_date) VALUES ('c8ac612c-fa11-4546-93ef-8182b0268a4a', 'b332303d-0803-482c-9698-31de1608d007', 'FX', 'Facsimile', 'Facsimile', SYSDATE(), SYSDATE());
INSERT INTO zeusrefdatadb.external_list_dtl(external_list_dtl_sk, external_list_type_sk, external_list_code, external_list_desc, display_name, created_date, updated_date) VALUES ('cdc2a806-b629-448e-969b-5988059d174a', 'b332303d-0803-482c-9698-31de1608d007', 'HP', 'Home Phone Number', 'Home Phone Number', SYSDATE(), SYSDATE());
INSERT INTO zeusrefdatadb.external_list_dtl(external_list_dtl_sk, external_list_type_sk, external_list_code, external_list_desc, display_name, created_date, updated_date) VALUES ('60b48e31-3cdf-44f6-85d6-29cc78164f3e', 'b332303d-0803-482c-9698-31de1608d007', 'TE', 'Telephone', 'Telephone', SYSDATE(), SYSDATE());
INSERT INTO zeusrefdatadb.external_list_dtl(external_list_dtl_sk, external_list_type_sk, external_list_code, external_list_desc, display_name, created_date, updated_date) VALUES ('6a1e5679-aa46-45a8-a6b0-cd7453715953', 'b332303d-0803-482c-9698-31de1608d007', 'WP', 'Work Phone Number', 'Work Phone Number', SYSDATE(), SYSDATE());

-- External Language Type List
INSERT INTO zeusrefdatadb.external_list_type(external_list_type_sk, external_list_type_name, external_list_type_desc, display_name, external_source_sk, created_date, updated_date) VALUES ('8efc0f67-a33a-4fbb-ab24-28b934a11ad8','Language Type', 'Language Type', 'Language Type', '9e60df27-a4e1-4b64-9f38-fd9f39697485', SYSDATE(), SYSDATE());
INSERT INTO zeusrefdatadb.external_list_dtl(external_list_dtl_sk, external_list_type_sk, external_list_code, external_list_desc, display_name, created_date, updated_date) VALUES ('074a1dca-456a-4021-bb35-fac1f17d636d', '8efc0f67-a33a-4fbb-ab24-28b934a11ad8', '5', 'Reading', 'Native', SYSDATE(), SYSDATE());
INSERT INTO zeusrefdatadb.external_list_dtl(external_list_dtl_sk, external_list_type_sk, external_list_code, external_list_desc, display_name, created_date, updated_date) VALUES ('bb611842-9fdd-4113-9f7a-a91188f85f8e', '8efc0f67-a33a-4fbb-ab24-28b934a11ad8', '6', 'Writing', 'Native', SYSDATE(), SYSDATE());
INSERT INTO zeusrefdatadb.external_list_dtl(external_list_dtl_sk, external_list_type_sk, external_list_code, external_list_desc, display_name, created_date, updated_date) VALUES ('47e62bf0-bff1-4836-a004-94518b3a40cf', '8efc0f67-a33a-4fbb-ab24-28b934a11ad8', '7', 'Speaking', 'Native', SYSDATE(), SYSDATE());
INSERT INTO zeusrefdatadb.external_list_dtl(external_list_dtl_sk, external_list_type_sk, external_list_code, external_list_desc, display_name, created_date, updated_date) VALUES ('787fb993-70ca-4938-b5cf-485f6b012e61', '8efc0f67-a33a-4fbb-ab24-28b934a11ad8', '8', 'Native', 'Native', SYSDATE(), SYSDATE());

-- External Gender List
INSERT INTO zeusrefdatadb.external_list_type(external_list_type_sk, external_list_type_name, external_list_type_desc, display_name, external_source_sk, created_date, updated_date) VALUES ('1fd21323-9599-4d97-b091-de57e870d7b1','Gender', 'Gender', 'Gender', '9e60df27-a4e1-4b64-9f38-fd9f39697485', SYSDATE(), SYSDATE());
INSERT INTO zeusrefdatadb.external_list_dtl(external_list_dtl_sk, external_list_type_sk, external_list_code, external_list_desc, display_name, created_date, updated_date) VALUES ('fa85269b-fe1d-4208-add0-70a6356676a8', '1fd21323-9599-4d97-b091-de57e870d7b1', 'F', 'Female', 'Female', SYSDATE(), SYSDATE());
INSERT INTO zeusrefdatadb.external_list_dtl(external_list_dtl_sk, external_list_type_sk, external_list_code, external_list_desc, display_name, created_date, updated_date) VALUES ('57b85021-f635-40c7-9455-89d8b401e8e4', '1fd21323-9599-4d97-b091-de57e870d7b1', 'M', 'Male', 'Male', SYSDATE(), SYSDATE());
INSERT INTO zeusrefdatadb.external_list_dtl(external_list_dtl_sk, external_list_type_sk, external_list_code, external_list_desc, display_name, created_date, updated_date) VALUES ('b43f0d8c-2511-46e1-82a1-e581d9624d4d', '1fd21323-9599-4d97-b091-de57e870d7b1', 'U', 'Unknown', 'Unknown', SYSDATE(), SYSDATE());

-- External Tobacco List
INSERT INTO zeusrefdatadb.external_list_type(external_list_type_sk, external_list_type_name, external_list_type_desc, display_name, external_source_sk, created_date, updated_date) VALUES ('61de6b24-edbe-47e6-b0b4-6fbb62c365f7','Tobacco', 'Tobacco Indicator', 'Tobacco Indicator', '9e60df27-a4e1-4b64-9f38-fd9f39697485', SYSDATE(), SYSDATE());
INSERT INTO zeusrefdatadb.external_list_dtl(external_list_dtl_sk, external_list_type_sk, external_list_code, external_list_desc, display_name, created_date, updated_date) VALUES ('657a2564-7176-4563-9ece-9b84724238b3', '61de6b24-edbe-47e6-b0b4-6fbb62c365f7', 'N', 'None', 'None', SYSDATE(), SYSDATE());
INSERT INTO zeusrefdatadb.external_list_dtl(external_list_dtl_sk, external_list_type_sk, external_list_code, external_list_desc, display_name, created_date, updated_date) VALUES ('a97a9d29-6fc0-4dcf-8a24-7d303c74ac24', '61de6b24-edbe-47e6-b0b4-6fbb62c365f7', 'S', 'Substance Abuse', 'Substance Abuse', SYSDATE(), SYSDATE());
INSERT INTO zeusrefdatadb.external_list_dtl(external_list_dtl_sk, external_list_type_sk, external_list_code, external_list_desc, display_name, created_date, updated_date) VALUES ('3f574196-c3f0-4ce1-9957-6526733c9e9e', '61de6b24-edbe-47e6-b0b4-6fbb62c365f7', 'T', 'Tobacco Use', 'Tobacco Use', SYSDATE(), SYSDATE());
INSERT INTO zeusrefdatadb.external_list_dtl(external_list_dtl_sk, external_list_type_sk, external_list_code, external_list_desc, display_name, created_date, updated_date) VALUES ('c9cbc604-f2cf-45d9-a241-9b6837e52cda', '61de6b24-edbe-47e6-b0b4-6fbb62c365f7', 'U', 'Unknown', 'Unknown', SYSDATE(), SYSDATE());
INSERT INTO zeusrefdatadb.external_list_dtl(external_list_dtl_sk, external_list_type_sk, external_list_code, external_list_desc, display_name, created_date, updated_date) VALUES ('971d484f-9dac-4828-8255-ff7a283102fd', '61de6b24-edbe-47e6-b0b4-6fbb62c365f7', 'X', 'Tobacco Use and Substance Use', 'Tobacco Use and Substance Use', SYSDATE(), SYSDATE());

-- External Alternate Contact List
INSERT INTO zeusrefdatadb.external_list_type(external_list_type_sk, external_list_type_name, external_list_type_desc, display_name, external_source_sk, created_date, updated_date) VALUES ('b8001a6c-3e47-487d-a8c6-7638ddd4c5f7','Alternate Contact', 'Alternate Contact', 'Alternate Contact', '9e60df27-a4e1-4b64-9f38-fd9f39697485', SYSDATE(), SYSDATE());
INSERT INTO zeusrefdatadb.external_list_dtl(external_list_dtl_sk, external_list_type_sk, external_list_code, external_list_desc, display_name, created_date, updated_date) VALUES ('3805ad73-c4b2-4c89-b80e-072360780255', 'b8001a6c-3e47-487d-a8c6-7638ddd4c5f7', '36', 'Member Employer', 'Member Employer', SYSDATE(), SYSDATE());
INSERT INTO zeusrefdatadb.external_list_dtl(external_list_dtl_sk, external_list_type_sk, external_list_code, external_list_desc, display_name, created_date, updated_date) VALUES ('2a602b2b-1d0d-4a20-8e44-5fa544daa55f', 'b8001a6c-3e47-487d-a8c6-7638ddd4c5f7', 'M8', 'Member School', 'Member School', SYSDATE(), SYSDATE());
INSERT INTO zeusrefdatadb.external_list_dtl(external_list_dtl_sk, external_list_type_sk, external_list_code, external_list_desc, display_name, created_date, updated_date) VALUES ('88a7c322-d23d-4ea1-9709-b4a24f676982', 'b8001a6c-3e47-487d-a8c6-7638ddd4c5f7', 'S3', 'Custodial Parent', 'Custodial Parent', SYSDATE(), SYSDATE());
INSERT INTO zeusrefdatadb.external_list_dtl(external_list_dtl_sk, external_list_type_sk, external_list_code, external_list_desc, display_name, created_date, updated_date) VALUES ('d7767279-a967-41df-8d74-d5557b955e75', 'b8001a6c-3e47-487d-a8c6-7638ddd4c5f7', '6Y', 'Case Manager', 'Case Manager', SYSDATE(), SYSDATE());
INSERT INTO zeusrefdatadb.external_list_dtl(external_list_dtl_sk, external_list_type_sk, external_list_code, external_list_desc, display_name, created_date, updated_date) VALUES ('7f0a8045-f00c-495c-8502-f055c7951fb1', 'b8001a6c-3e47-487d-a8c6-7638ddd4c5f7', '9K', 'Key Person', 'Key Person', SYSDATE(), SYSDATE());
INSERT INTO zeusrefdatadb.external_list_dtl(external_list_dtl_sk, external_list_type_sk, external_list_code, external_list_desc, display_name, created_date, updated_date) VALUES ('0e9b4557-323c-4853-9c7e-e9c9f61483ab', 'b8001a6c-3e47-487d-a8c6-7638ddd4c5f7', 'E1', 'Entity Legally Responsible for a child', 'Entity Legally Responsible for a child', SYSDATE(), SYSDATE());
INSERT INTO zeusrefdatadb.external_list_dtl(external_list_dtl_sk, external_list_type_sk, external_list_code, external_list_desc, display_name, created_date, updated_date) VALUES ('034038f1-bc62-4054-b496-8b4b0c63bcb6', 'b8001a6c-3e47-487d-a8c6-7638ddd4c5f7', 'EI', 'Executor of Estate', 'Executor of Estate', SYSDATE(), SYSDATE());
INSERT INTO zeusrefdatadb.external_list_dtl(external_list_dtl_sk, external_list_type_sk, external_list_code, external_list_desc, display_name, created_date, updated_date) VALUES ('1910ddf7-f3b0-4841-ac52-7e07bbb92940', 'b8001a6c-3e47-487d-a8c6-7638ddd4c5f7', 'EXS', 'Ex-spouse', 'Ex-spouse', SYSDATE(), SYSDATE());
INSERT INTO zeusrefdatadb.external_list_dtl(external_list_dtl_sk, external_list_type_sk, external_list_code, external_list_desc, display_name, created_date, updated_date) VALUES ('1cebb594-bc6a-4c8d-a81c-0de3b8a31a14', 'b8001a6c-3e47-487d-a8c6-7638ddd4c5f7', 'GB', 'Other Insured', 'Other Insured', SYSDATE(), SYSDATE());
INSERT INTO zeusrefdatadb.external_list_dtl(external_list_dtl_sk, external_list_type_sk, external_list_code, external_list_desc, display_name, created_date, updated_date) VALUES ('603c3293-b876-4bee-92aa-065db7324dc2', 'b8001a6c-3e47-487d-a8c6-7638ddd4c5f7', 'GD', 'Guardian', 'Guardian', SYSDATE(), SYSDATE());
INSERT INTO zeusrefdatadb.external_list_dtl(external_list_dtl_sk, external_list_type_sk, external_list_code, external_list_desc, display_name, created_date, updated_date) VALUES ('26ab0fe3-d345-48e0-b227-0e472293fccc', 'b8001a6c-3e47-487d-a8c6-7638ddd4c5f7', 'J6', 'Power of Attorney', 'Power of Attorney', SYSDATE(), SYSDATE());
INSERT INTO zeusrefdatadb.external_list_dtl(external_list_dtl_sk, external_list_type_sk, external_list_code, external_list_desc, display_name, created_date, updated_date) VALUES ('f40add05-4ddb-4fbf-b346-61f25fe72c94', 'b8001a6c-3e47-487d-a8c6-7638ddd4c5f7', 'LR', 'Legal Representative', 'Legal Representative', SYSDATE(), SYSDATE());
INSERT INTO zeusrefdatadb.external_list_dtl(external_list_dtl_sk, external_list_type_sk, external_list_code, external_list_desc, display_name, created_date, updated_date) VALUES ('0b37c05f-3043-4b3a-bc1a-5303c821919b', 'b8001a6c-3e47-487d-a8c6-7638ddd4c5f7', 'QD', 'Responsible Party', 'Responsible Party', SYSDATE(), SYSDATE());
INSERT INTO zeusrefdatadb.external_list_dtl(external_list_dtl_sk, external_list_type_sk, external_list_code, external_list_desc, display_name, created_date, updated_date) VALUES ('b76beeed-f9eb-4fa6-b820-70804fb67ebe', 'b8001a6c-3e47-487d-a8c6-7638ddd4c5f7', 'S1', 'Parent', 'Parent', SYSDATE(), SYSDATE());
INSERT INTO zeusrefdatadb.external_list_dtl(external_list_dtl_sk, external_list_type_sk, external_list_code, external_list_desc, display_name, created_date, updated_date) VALUES ('02283ca3-8603-4d3b-a6e6-dcbf6acb3aac', 'b8001a6c-3e47-487d-a8c6-7638ddd4c5f7', 'TZ', 'Significant Other', 'Significant Other', SYSDATE(), SYSDATE());
INSERT INTO zeusrefdatadb.external_list_dtl(external_list_dtl_sk, external_list_type_sk, external_list_code, external_list_desc, display_name, created_date, updated_date) VALUES ('d4199912-cdb6-4330-b8a8-dd93de9d61ba', 'b8001a6c-3e47-487d-a8c6-7638ddd4c5f7', 'X4', 'Spouse', 'Spouse', SYSDATE(), SYSDATE());


-- Internal List types and list codes
INSERT INTO zeusrefdatadb.internal_list_type(internal_list_type_sk, internal_list_type_name, internal_list_type_desc, display_name, created_date, updated_date) values('20b34667-3121-40b0-b686-0d15f8b07587', 'Identifier', 'Identifier', 'Identifier', sysdate(), sysdate());
INSERT INTO zeusrefdatadb.internal_list_dtl(internal_list_dtl_sk, internal_list_code, internal_list_code_desc, display_name, internal_list_type_sk, created_date, updated_date) value ('d974ae53-37f5-4aea-bf1e-c1098f570585', 'SSN', 'Social Security Number', 'Social Security Number', '20b34667-3121-40b0-b686-0d15f8b07587', sysdate(), sysdate());
INSERT INTO zeusrefdatadb.internal_list_dtl(internal_list_dtl_sk, internal_list_code, internal_list_code_desc, display_name, internal_list_type_sk, created_date, updated_date) value ('d5c01c70-b8be-4146-b2d6-38e7b6d36c69', 'EIN', 'Employer Identification Number', 'Employer Identification Number', '20b34667-3121-40b0-b686-0d15f8b07587', sysdate(), sysdate());
INSERT INTO zeusrefdatadb.internal_list_dtl(internal_list_dtl_sk, internal_list_code, internal_list_code_desc, display_name, internal_list_type_sk, created_date, updated_date) values('aef3967d-471c-4f0b-b003-eddf4316f1a6', 'TIN', 'Tax Identification Number', 'Tax Identification Number', '20b34667-3121-40b0-b686-0d15f8b07587', sysdate(), sysdate());
INSERT INTO zeusrefdatadb.internal_list_dtl(internal_list_dtl_sk, internal_list_code, internal_list_code_desc, display_name, internal_list_type_sk, created_date, updated_date) values('27c28dea-1ea8-415f-a533-c2953933fe02', 'EXCHSUBID', 'Exchange Subscriber Id', 'Exchange Subscriber Id', '20b34667-3121-40b0-b686-0d15f8b07587', sysdate(), sysdate());
INSERT INTO zeusrefdatadb.internal_list_dtl(internal_list_dtl_sk, internal_list_code, internal_list_code_desc, display_name, internal_list_type_sk, created_date, updated_date) values('95b0fe0e-b33c-44a8-b93a-f7939e99d3e2', 'EXCHMEMID', 'Exchange Member Id', 'Exchange Member Id', '20b34667-3121-40b0-b686-0d15f8b07587', sysdate(), sysdate());
INSERT INTO zeusrefdatadb.internal_list_dtl(internal_list_dtl_sk, internal_list_code, internal_list_code_desc, display_name, internal_list_type_sk, created_date, updated_date) values('a2dab678-7bf8-4287-a01b-af8a8e250392', 'HHCASEID', 'House Hold Case Id', 'House Hold Case Id', '20b34667-3121-40b0-b686-0d15f8b07587', sysdate(), sysdate());
INSERT INTO zeusrefdatadb.internal_list_dtl(internal_list_dtl_sk, internal_list_code, internal_list_code_desc, display_name, internal_list_type_sk, created_date, updated_date) values('021dfc45-704f-445a-ad3d-f3bee8d444bb', 'PYMTID', 'Payment Transaction Id', 'Payment Transaction Id', '20b34667-3121-40b0-b686-0d15f8b07587', sysdate(), sysdate());
INSERT INTO zeusrefdatadb.internal_list_dtl(internal_list_dtl_sk, internal_list_code, internal_list_code_desc, display_name, internal_list_type_sk, created_date, updated_date) values('09c129ac-35aa-4a6d-accb-2904aa138d72', 'STATEID', 'State Id', 'State Id', '20b34667-3121-40b0-b686-0d15f8b07587', sysdate(), sysdate());

-- Internal Transaction types
INSERT INTO zeusrefdatadb.internal_list_type(internal_list_type_sk, internal_list_type_name, internal_list_type_desc, display_name, created_date, updated_date) values('c02a5c6c-df80-4ed4-be4a-6c086dd77ff8', 'Transaction', 'Transaction', 'Transaction Type', sysdate(), sysdate());
INSERT INTO zeusrefdatadb.internal_list_dtl(internal_list_dtl_sk, internal_list_code, internal_list_code_desc, display_name, internal_list_type_sk, created_date, updated_date) value ('2d7b6798-1dbc-4771-8df9-c844965ce7f8', 'ADD', 'Add Transaction', 'Add Transaction', 'c02a5c6c-df80-4ed4-be4a-6c086dd77ff8', sysdate(), sysdate());
INSERT INTO zeusrefdatadb.internal_list_dtl(internal_list_dtl_sk, internal_list_code, internal_list_code_desc, display_name, internal_list_type_sk, created_date, updated_date) values('57e0ae53-dc79-4940-af66-33fa1d62fa9e', 'CHANGE', 'Change Transaction', 'Change Transaction', 'c02a5c6c-df80-4ed4-be4a-6c086dd77ff8', sysdate(), sysdate());
INSERT INTO zeusrefdatadb.internal_list_dtl(internal_list_dtl_sk, internal_list_code, internal_list_code_desc, display_name, internal_list_type_sk, created_date, updated_date) values('2bb21f00-8b83-4653-a9bb-5a705fe01bd5', 'CANCELORTERM', 'Cancel or Term Transaction', 'Cancel or Term Transaction', 'c02a5c6c-df80-4ed4-be4a-6c086dd77ff8', sysdate(), sysdate());
INSERT INTO zeusrefdatadb.internal_list_dtl(internal_list_dtl_sk, internal_list_code, internal_list_code_desc, display_name, internal_list_type_sk, created_date, updated_date) values('e4608113-07ba-4acd-a032-9944a7a73c44', 'REINSTATEMENT', 'Reinstatement Transaction', 'Reinstatement Transaction', 'c02a5c6c-df80-4ed4-be4a-6c086dd77ff8', sysdate(), sysdate());
INSERT INTO zeusrefdatadb.internal_list_dtl(internal_list_dtl_sk, internal_list_code, internal_list_code_desc, display_name, internal_list_type_sk, created_date, updated_date) values('035787e4-06f9-458d-a774-e7b5faebb125', 'CANCEL', 'Cancel Transaction', 'Cancel Transaction', 'c02a5c6c-df80-4ed4-be4a-6c086dd77ff8', sysdate(), sysdate());
INSERT INTO zeusrefdatadb.internal_list_dtl(internal_list_dtl_sk, internal_list_code, internal_list_code_desc, display_name, internal_list_type_sk, created_date, updated_date) values('735c3452-c2dc-4f81-b435-6a1790d5bc65', 'TERM', 'Term Transaction', 'Term Transaction', 'c02a5c6c-df80-4ed4-be4a-6c086dd77ff8', sysdate(), sysdate());

-- Internal Line of business types
INSERT INTO zeusrefdatadb.internal_list_type(internal_list_type_sk, internal_list_type_name, internal_list_type_desc, display_name, created_date, updated_date) values('f03a4f9a-5fdd-414b-96ff-8e4796153c85', 'LineOfBusiness', 'Line of business', 'Line of business', sysdate(), sysdate());
INSERT INTO zeusrefdatadb.internal_list_dtl(internal_list_dtl_sk, internal_list_code, internal_list_code_desc, display_name, internal_list_type_sk,  created_date, updated_date) value ('fb55ce40-f6df-4016-ba18-39be4d36949d', 'HIX', 'Health Information Exchange', 'Health Information Exchange',  'f03a4f9a-5fdd-414b-96ff-8e4796153c85', sysdate(), sysdate());
INSERT INTO zeusrefdatadb.internal_list_dtl(internal_list_dtl_sk, internal_list_code, internal_list_code_desc, display_name, internal_list_type_sk, created_date, updated_date) value ('448ab708-999a-4a44-8d6e-5818b2626435', 'MDC', 'Medicare', 'Medicare', 'f03a4f9a-5fdd-414b-96ff-8e4796153c85', sysdate(), sysdate());

-- Internal Marketplace Types
INSERT INTO zeusrefdatadb.internal_list_type(internal_list_type_sk, internal_list_type_name, internal_list_type_desc, display_name, created_date, updated_date) values('aab1357a-3068-4c48-990c-0a0cc3f7d568', 'Marketplace', 'Marketplace Type', 'Marketplace Type', sysdate(), sysdate());
INSERT INTO zeusrefdatadb.internal_list_dtl(internal_list_dtl_sk, internal_list_code, internal_list_code_desc, display_name, internal_list_type_sk, created_date, updated_date) value ('8b13b6e1-4096-4736-9656-0e5de9884ca8', 'FFM', 'Federally Facilitated Marketplace', 'Federally Facilitated Marketplace', 'aab1357a-3068-4c48-990c-0a0cc3f7d568', sysdate(), sysdate());
INSERT INTO zeusrefdatadb.internal_list_dtl(internal_list_dtl_sk, internal_list_code, internal_list_code_desc, display_name, internal_list_type_sk, created_date, updated_date) value ('7d01c260-443d-47af-a324-99f0b703c32e', 'OFFX', 'OFF Exchange', 'OFF Exchange', 'aab1357a-3068-4c48-990c-0a0cc3f7d568', sysdate(), sysdate());
INSERT INTO zeusrefdatadb.internal_list_dtl(internal_list_dtl_sk, internal_list_code, internal_list_code_desc, display_name, internal_list_type_sk, created_date, updated_date) values ('be9d1b5f-99de-490f-81b9-46a8528bd75e', 'SBE', 'State Based Exchange', 'State Based Exchange', 'aab1357a-3068-4c48-990c-0a0cc3f7d568', sysdate(), sysdate());

-- Internal State Code Types
INSERT INTO zeusrefdatadb.internal_list_type(internal_list_type_sk, internal_list_type_name, internal_list_type_desc, display_name, created_date, updated_date) values('7c7e1161-9d08-414e-ad26-6e7fb45b1aa0', 'State', 'State Code', 'State Code', sysdate(), sysdate());
INSERT INTO zeusrefdatadb.internal_list_dtl(internal_list_dtl_sk, internal_list_code, internal_list_code_desc, display_name, internal_list_type_sk, created_date, updated_date) value ('bd99e6d2-c7d0-4670-977f-18476fd39699', 'AL', 'Alabama','Alabama', '7c7e1161-9d08-414e-ad26-6e7fb45b1aa0', sysdate(), sysdate());
INSERT INTO zeusrefdatadb.internal_list_dtl(internal_list_dtl_sk, internal_list_code, internal_list_code_desc, display_name, internal_list_type_sk, created_date, updated_date) value ('b3c0a6c5-e6db-4038-8c07-31779d5dbcf0', 'AK', 'Alaska','Alaska', '7c7e1161-9d08-414e-ad26-6e7fb45b1aa0', sysdate(), sysdate());
INSERT INTO zeusrefdatadb.internal_list_dtl(internal_list_dtl_sk, internal_list_code, internal_list_code_desc, display_name, internal_list_type_sk, created_date, updated_date) values ('7495851c-6b61-4e67-b4f5-211de47bc1be', 'AZ', 'Arizona', 'Arizona', '7c7e1161-9d08-414e-ad26-6e7fb45b1aa0', sysdate(), sysdate());


-- Internal Relationship Type List
INSERT INTO zeusrefdatadb.internal_list_type(internal_list_type_sk, internal_list_type_name, internal_list_type_desc, display_name, created_date, updated_date) VALUES ('4431e14f-b85c-4450-9a54-c835f11655c2','Relationship', 'Relationship', 'Relationship Type', SYSDATE(), SYSDATE());
INSERT INTO zeusrefdatadb.internal_list_dtl(internal_list_dtl_sk, internal_list_type_sk, internal_list_code, internal_list_code_desc, display_name, created_date, updated_date) VALUES ('76a2f141-72c0-4831-ab81-8db35ba5baf5', '4431e14f-b85c-4450-9a54-c835f11655c2', 'SPOUSE', 'Spouse', 'Spouse', SYSDATE(), SYSDATE());
INSERT INTO zeusrefdatadb.internal_list_dtl(internal_list_dtl_sk, internal_list_type_sk, internal_list_code, internal_list_code_desc, display_name, created_date, updated_date) VALUES ('6819d0a7-813c-436a-bea8-dbd6942cbaf6', '4431e14f-b85c-4450-9a54-c835f11655c2', 'FATHORMOTH', 'Father or Mother', 'Father or Mother', SYSDATE(), SYSDATE());
INSERT INTO zeusrefdatadb.internal_list_dtl(internal_list_dtl_sk, internal_list_type_sk, internal_list_code, internal_list_code_desc, display_name, created_date, updated_date) VALUES ('34c07854-2478-4d8a-8392-afc9819be606', '4431e14f-b85c-4450-9a54-c835f11655c2', 'GFATHORGMOTH', 'Grandfather or Grandmother', 'Grandfather or Grandmother', SYSDATE(), SYSDATE());
INSERT INTO zeusrefdatadb.internal_list_dtl(internal_list_dtl_sk, internal_list_type_sk, internal_list_code, internal_list_code_desc, display_name, created_date, updated_date) VALUES ('13c9755b-27c3-46bd-a412-d032b6b2cab0', '4431e14f-b85c-4450-9a54-c835f11655c2', 'GSONORGDAUGER', 'Grandson or Granddaughter', 'Grandson or Granddaughter', SYSDATE(), SYSDATE());
INSERT INTO zeusrefdatadb.internal_list_dtl(internal_list_dtl_sk, internal_list_type_sk, internal_list_code, internal_list_code_desc, display_name, created_date, updated_date) VALUES ('14e1c8a7-3a14-419b-837e-fc8c6c84adb4', '4431e14f-b85c-4450-9a54-c835f11655c2', 'UNCORAUNT', 'Uncle or Aunt', 'Uncle or Aunt', SYSDATE(), SYSDATE());
INSERT INTO zeusrefdatadb.internal_list_dtl(internal_list_dtl_sk, internal_list_type_sk, internal_list_code, internal_list_code_desc, display_name, created_date, updated_date) VALUES ('4501797a-da97-4823-9543-aaf58d560980', '4431e14f-b85c-4450-9a54-c835f11655c2', 'NEPHORNIE', 'Nephew or Niece', 'Nephew or Niece', SYSDATE(), SYSDATE());
INSERT INTO zeusrefdatadb.internal_list_dtl(internal_list_dtl_sk, internal_list_type_sk, internal_list_code, internal_list_code_desc, display_name, created_date, updated_date) VALUES ('0c4af5b5-2241-4318-b917-c640d9f1f3ae', '4431e14f-b85c-4450-9a54-c835f11655c2', 'COUSIN', 'Cousin', 'Cousin', SYSDATE(), SYSDATE());
INSERT INTO zeusrefdatadb.internal_list_dtl(internal_list_dtl_sk, internal_list_type_sk, internal_list_code, internal_list_code_desc, display_name, created_date, updated_date) VALUES ('eb8fe9ad-fb0f-4d27-a73e-0b3fefee0d82', '4431e14f-b85c-4450-9a54-c835f11655c2', 'ACHILD', 'Adopted Child', 'Adopted Child', SYSDATE(), SYSDATE());
INSERT INTO zeusrefdatadb.internal_list_dtl(internal_list_dtl_sk, internal_list_type_sk, internal_list_code, internal_list_code_desc, display_name, created_date, updated_date) VALUES ('c79202f2-b59e-47a4-8bce-2888d87b66cc', '4431e14f-b85c-4450-9a54-c835f11655c2', 'FCHILD', 'Foster Child', 'Foster Child', SYSDATE(), SYSDATE());
INSERT INTO zeusrefdatadb.internal_list_dtl(internal_list_dtl_sk, internal_list_type_sk, internal_list_code, internal_list_code_desc, display_name, created_date, updated_date) VALUES ('a09810b4-1a29-4976-b714-496451949a57', '4431e14f-b85c-4450-9a54-c835f11655c2', 'SORDINLAW', 'Son-in-law or Daughter-in-law', 'Son-in-law or Daughter-in-law', SYSDATE(), SYSDATE());
INSERT INTO zeusrefdatadb.internal_list_dtl(internal_list_dtl_sk, internal_list_type_sk, internal_list_code, internal_list_code_desc, display_name, created_date, updated_date) VALUES ('7efe88e9-81c3-41db-b1fe-c591b6b4e93b', '4431e14f-b85c-4450-9a54-c835f11655c2', 'BORDINLAW', 'Brother-in-law or Sister-in-law', 'Brother-in-law or Sister-in-law', SYSDATE(), SYSDATE());
INSERT INTO zeusrefdatadb.internal_list_dtl(internal_list_dtl_sk, internal_list_type_sk, internal_list_code, internal_list_code_desc, display_name, created_date, updated_date) VALUES ('0acb9641-1c2b-411d-87fd-f7a81bbfba85', '4431e14f-b85c-4450-9a54-c835f11655c2', 'MORFINLAW', 'Mother-in-law or Father-in-law', 'Mother-in-law or Father-in-law', SYSDATE(), SYSDATE());
INSERT INTO zeusrefdatadb.internal_list_dtl(internal_list_dtl_sk, internal_list_type_sk, internal_list_code, internal_list_code_desc, display_name, created_date, updated_date) VALUES ('3d135f82-2cdf-42a0-907e-02437cb58013', '4431e14f-b85c-4450-9a54-c835f11655c2', 'BROORSIS', 'Brother or Sister', 'Brother or Sister', SYSDATE(), SYSDATE());
INSERT INTO zeusrefdatadb.internal_list_dtl(internal_list_dtl_sk, internal_list_type_sk, internal_list_code, internal_list_code_desc, display_name, created_date, updated_date) VALUES ('eb61b170-cd2e-4076-ac27-48f5240ab30c', '4431e14f-b85c-4450-9a54-c835f11655c2', 'WARD', 'Ward', 'Ward', SYSDATE(), SYSDATE());
INSERT INTO zeusrefdatadb.internal_list_dtl(internal_list_dtl_sk, internal_list_type_sk, internal_list_code, internal_list_code_desc, display_name, created_date, updated_date) VALUES ('52ab390b-2af6-4328-8184-56813f332e8c', '4431e14f-b85c-4450-9a54-c835f11655c2', 'STEPPARENT', 'Stepparent', 'Stepparent', SYSDATE(), SYSDATE());
INSERT INTO zeusrefdatadb.internal_list_dtl(internal_list_dtl_sk, internal_list_type_sk, internal_list_code, internal_list_code_desc, display_name, created_date, updated_date) VALUES ('08fb1225-845f-4cb7-9421-b7c82d8b1d8b', '4431e14f-b85c-4450-9a54-c835f11655c2', 'STEPCHILD', 'Stepson or Stepdaughter', 'Stepson or Stepdaughter', SYSDATE(), SYSDATE());
INSERT INTO zeusrefdatadb.internal_list_dtl(internal_list_dtl_sk, internal_list_type_sk, internal_list_code, internal_list_code_desc, display_name, created_date, updated_date) VALUES ('ffb18af6-5410-42cc-9468-2e21ebe34bd2', '4431e14f-b85c-4450-9a54-c835f11655c2', 'HOH', 'Head of Household', 'Head of Household', SYSDATE(), SYSDATE());
INSERT INTO zeusrefdatadb.internal_list_dtl(internal_list_dtl_sk, internal_list_type_sk, internal_list_code, internal_list_code_desc, display_name, created_date, updated_date) VALUES ('8c2a3331-37f9-47b7-bc45-2ed9561cd61d', '4431e14f-b85c-4450-9a54-c835f11655c2', 'CHILD', 'Child', 'Child', SYSDATE(), SYSDATE());
INSERT INTO zeusrefdatadb.internal_list_dtl(internal_list_dtl_sk, internal_list_type_sk, internal_list_code, internal_list_code_desc, display_name, created_date, updated_date) VALUES ('9042a8c2-1fec-474e-97a0-d8e74409bafc', '4431e14f-b85c-4450-9a54-c835f11655c2', 'SPONDEP', 'Sponsored Dependent', 'Sponsored Dependent', SYSDATE(), SYSDATE());
INSERT INTO zeusrefdatadb.internal_list_dtl(internal_list_dtl_sk, internal_list_type_sk, internal_list_code, internal_list_code_desc, display_name, created_date, updated_date) VALUES ('9e384767-1fc8-4d06-9177-7d25a95e3608', '4431e14f-b85c-4450-9a54-c835f11655c2', 'DEPMINDEP', 'Dependent of a minor dependent', 'Dependent of a minor dependent', SYSDATE(), SYSDATE());
INSERT INTO zeusrefdatadb.internal_list_dtl(internal_list_dtl_sk, internal_list_type_sk, internal_list_code, internal_list_code_desc, display_name, created_date, updated_date) VALUES ('0a5c9451-969c-4b0a-a442-4b642269dc7c', '4431e14f-b85c-4450-9a54-c835f11655c2', 'EXSPOUSE', 'Ex-Spouse', 'Ex-Spouse', SYSDATE(), SYSDATE());
INSERT INTO zeusrefdatadb.internal_list_dtl(internal_list_dtl_sk, internal_list_type_sk, internal_list_code, internal_list_code_desc, display_name, created_date, updated_date) VALUES ('d5d7b224-39d3-4e84-a404-b89967132445', '4431e14f-b85c-4450-9a54-c835f11655c2', 'GUARDIAN', 'Guardian', 'Guardian', SYSDATE(), SYSDATE());
INSERT INTO zeusrefdatadb.internal_list_dtl(internal_list_dtl_sk, internal_list_type_sk, internal_list_code, internal_list_code_desc, display_name, created_date, updated_date) VALUES ('1a429f66-dd05-4130-85b9-d036000ef926', '4431e14f-b85c-4450-9a54-c835f11655c2', 'CAGUARDIAN', 'Court Appointed Guardian', 'Court Appointed Guardian', SYSDATE(), SYSDATE());
INSERT INTO zeusrefdatadb.internal_list_dtl(internal_list_dtl_sk, internal_list_type_sk, internal_list_code, internal_list_code_desc, display_name, created_date, updated_date) VALUES ('a7e94f07-90db-4dde-8ba8-cd0042d53b71', '4431e14f-b85c-4450-9a54-c835f11655c2', 'COLLDEP', 'Collateral Dependent', 'Collateral Dependent', SYSDATE(), SYSDATE());
INSERT INTO zeusrefdatadb.internal_list_dtl(internal_list_dtl_sk, internal_list_type_sk, internal_list_code, internal_list_code_desc, display_name, created_date, updated_date) VALUES ('ab58bb48-0c74-49b6-8bfb-a2a40d4867e3', '4431e14f-b85c-4450-9a54-c835f11655c2', 'LP', 'Life Partner', 'Life Partner', SYSDATE(), SYSDATE());
INSERT INTO zeusrefdatadb.internal_list_dtl(internal_list_dtl_sk, internal_list_type_sk, internal_list_code, internal_list_code_desc, display_name, created_date, updated_date) VALUES ('8b3bfd93-0910-4ba9-9262-eb75320c0072', '4431e14f-b85c-4450-9a54-c835f11655c2', 'ANNULTANT', 'Annultant', 'Annultant', SYSDATE(), SYSDATE());
INSERT INTO zeusrefdatadb.internal_list_dtl(internal_list_dtl_sk, internal_list_type_sk, internal_list_code, internal_list_code_desc, display_name, created_date, updated_date) VALUES ('25831b55-4f66-4ca0-be88-39db32b410d8', '4431e14f-b85c-4450-9a54-c835f11655c2', 'TRUSTEE', 'Trustee', 'Trustee', SYSDATE(), SYSDATE());
INSERT INTO zeusrefdatadb.internal_list_dtl(internal_list_dtl_sk, internal_list_type_sk, internal_list_code, internal_list_code_desc, display_name, created_date, updated_date) VALUES ('41ac7261-c388-4152-8606-33952951f833', '4431e14f-b85c-4450-9a54-c835f11655c2', 'OTHRELSHIP', 'Other Relationship', 'Other Relationship', SYSDATE(), SYSDATE());
INSERT INTO zeusrefdatadb.internal_list_dtl(internal_list_dtl_sk, internal_list_type_sk, internal_list_code, internal_list_code_desc, display_name, created_date, updated_date) VALUES ('5cb8fb36-c685-4cf2-8f0e-705a03133638', '4431e14f-b85c-4450-9a54-c835f11655c2', 'OTHRELIVE', 'Other Relative', 'Other Relative', SYSDATE(), SYSDATE());

-- Internal Reason Type List
INSERT INTO zeusrefdatadb.internal_list_type(internal_list_type_sk, internal_list_type_name, internal_list_type_desc, display_name, created_date, updated_date) VALUES ('300e4410-222c-4836-b3f3-1fd2f99d838e','Reason', 'Reason', 'Reason Type', SYSDATE(), SYSDATE());
INSERT INTO zeusrefdatadb.internal_list_dtl(internal_list_dtl_sk, internal_list_type_sk, internal_list_code, internal_list_code_desc, display_name, created_date, updated_date) VALUES ('799f4300-923e-4022-88a4-d326cc68e092', '300e4410-222c-4836-b3f3-1fd2f99d838e', 'DIVORCE', 'Divorce', 'Divorce', SYSDATE(), SYSDATE());
INSERT INTO zeusrefdatadb.internal_list_dtl(internal_list_dtl_sk, internal_list_type_sk, internal_list_code, internal_list_code_desc, display_name, created_date, updated_date) VALUES ('9c359dde-48cf-42b4-ae05-3a2fc98e0737', '300e4410-222c-4836-b3f3-1fd2f99d838e', 'BIRTH', 'Birth', 'Birth', SYSDATE(), SYSDATE());
INSERT INTO zeusrefdatadb.internal_list_dtl(internal_list_dtl_sk, internal_list_type_sk, internal_list_code, internal_list_code_desc, display_name, created_date, updated_date) VALUES ('ca37c7f4-2c49-4ea1-b3b6-426658a432e5', '300e4410-222c-4836-b3f3-1fd2f99d838e', 'DEATH', 'Death', 'Death', SYSDATE(), SYSDATE());
INSERT INTO zeusrefdatadb.internal_list_dtl(internal_list_dtl_sk, internal_list_type_sk, internal_list_code, internal_list_code_desc, display_name, created_date, updated_date) VALUES ('e76c22e9-5e5f-4013-8a15-7a283c1ace7d', '300e4410-222c-4836-b3f3-1fd2f99d838e', 'RETIREMENT', 'Retirement', 'Retirement', SYSDATE(), SYSDATE());
INSERT INTO zeusrefdatadb.internal_list_dtl(internal_list_dtl_sk, internal_list_type_sk, internal_list_code, internal_list_code_desc, display_name, created_date, updated_date) VALUES ('303b5055-46a6-4688-93c0-31828a284d10', '300e4410-222c-4836-b3f3-1fd2f99d838e', 'ADOPTION', 'Adoption', 'Adoption', SYSDATE(), SYSDATE());
INSERT INTO zeusrefdatadb.internal_list_dtl(internal_list_dtl_sk, internal_list_type_sk, internal_list_code, internal_list_code_desc, display_name, created_date, updated_date) VALUES ('0ca302e8-fbc3-4475-80f0-62023e417621', '300e4410-222c-4836-b3f3-1fd2f99d838e', 'STRIKE', 'Strike', 'Strike', SYSDATE(), SYSDATE());
INSERT INTO zeusrefdatadb.internal_list_dtl(internal_list_dtl_sk, internal_list_type_sk, internal_list_code, internal_list_code_desc, display_name, created_date, updated_date) VALUES ('20f27b82-ba5a-4ac6-a0f0-c341170774e2', '300e4410-222c-4836-b3f3-1fd2f99d838e', 'TERMOFBEN', 'Termination of Benefits', 'Termination of Benefits', SYSDATE(), SYSDATE());
INSERT INTO zeusrefdatadb.internal_list_dtl(internal_list_dtl_sk, internal_list_type_sk, internal_list_code, internal_list_code_desc, display_name, created_date, updated_date) VALUES ('b1557f56-e4fc-41d5-8162-4e4a74de157d', '300e4410-222c-4836-b3f3-1fd2f99d838e', 'TERMOFEMP', 'Termination of Employment', 'Termination of Employment', SYSDATE(), SYSDATE());
INSERT INTO zeusrefdatadb.internal_list_dtl(internal_list_dtl_sk, internal_list_type_sk, internal_list_code, internal_list_code_desc, display_name, created_date, updated_date) VALUES ('b0fda587-4f96-42d5-bdb1-182177c7740a', '300e4410-222c-4836-b3f3-1fd2f99d838e', 'COBRA', 'COBRA', 'COBRA', SYSDATE(), SYSDATE());
INSERT INTO zeusrefdatadb.internal_list_dtl(internal_list_dtl_sk, internal_list_type_sk, internal_list_code, internal_list_code_desc, display_name, created_date, updated_date) VALUES ('5f53cee7-f7c9-4100-b3fe-83880852ebb1', '300e4410-222c-4836-b3f3-1fd2f99d838e', 'COBRAPP', 'COBRA Premium Paid', 'COBRA Premium Paid', SYSDATE(), SYSDATE());
INSERT INTO zeusrefdatadb.internal_list_dtl(internal_list_dtl_sk, internal_list_type_sk, internal_list_code, internal_list_code_desc, display_name, created_date, updated_date) VALUES ('ea168f51-9e9b-4b6f-88e5-5fabcb736889', '300e4410-222c-4836-b3f3-1fd2f99d838e', 'SURVVSP', 'Surviving Spouse', 'Surviving Spouse', SYSDATE(), SYSDATE());
INSERT INTO zeusrefdatadb.internal_list_dtl(internal_list_dtl_sk, internal_list_type_sk, internal_list_code, internal_list_code_desc, display_name, created_date, updated_date) VALUES ('40f1a621-173c-49d3-8f3e-89d1989a05db', '300e4410-222c-4836-b3f3-1fd2f99d838e', 'VOLWITH', 'Voluntary Withdrawal', 'Voluntary Withdrawal', SYSDATE(), SYSDATE());
INSERT INTO zeusrefdatadb.internal_list_dtl(internal_list_dtl_sk, internal_list_type_sk, internal_list_code, internal_list_code_desc, display_name, created_date, updated_date) VALUES ('e1a7b41b-fd0a-4aeb-bd80-b1a775fbfb86', '300e4410-222c-4836-b3f3-1fd2f99d838e', 'PCPCH', 'Primary Care Provider (PCP) Change', 'Primary Care Provider (PCP) Change', SYSDATE(), SYSDATE());
INSERT INTO zeusrefdatadb.internal_list_dtl(internal_list_dtl_sk, internal_list_type_sk, internal_list_code, internal_list_code_desc, display_name, created_date, updated_date) VALUES ('8cd82692-15d8-4ae2-aeda-cc366b1ca375', '300e4410-222c-4836-b3f3-1fd2f99d838e', 'QUIT', 'Quit', 'Quit', SYSDATE(), SYSDATE());
INSERT INTO zeusrefdatadb.internal_list_dtl(internal_list_dtl_sk, internal_list_type_sk, internal_list_code, internal_list_code_desc, display_name, created_date, updated_date) VALUES ('39dad2f8-ee3d-4d0c-a9d7-f7922a9feda2', '300e4410-222c-4836-b3f3-1fd2f99d838e', 'FIRED', 'Fired', 'Fired', SYSDATE(), SYSDATE());
INSERT INTO zeusrefdatadb.internal_list_dtl(internal_list_dtl_sk, internal_list_type_sk, internal_list_code, internal_list_code_desc, display_name, created_date, updated_date) VALUES ('41e4ee86-9c17-4eda-bb87-f066ffcd826a', '300e4410-222c-4836-b3f3-1fd2f99d838e', 'SUSPENDED', 'Suspended', 'Suspended', SYSDATE(), SYSDATE());
INSERT INTO zeusrefdatadb.internal_list_dtl(internal_list_dtl_sk, internal_list_type_sk, internal_list_code, internal_list_code_desc, display_name, created_date, updated_date) VALUES ('e88bc31e-bc83-4d1b-8114-f1eb92ad0c60', '300e4410-222c-4836-b3f3-1fd2f99d838e', 'ACTIVE', 'Active', 'Active', SYSDATE(), SYSDATE());
INSERT INTO zeusrefdatadb.internal_list_dtl(internal_list_dtl_sk, internal_list_type_sk, internal_list_code, internal_list_code_desc, display_name, created_date, updated_date) VALUES ('396443f1-f7ba-4435-b590-f1b8a8fa8880', '300e4410-222c-4836-b3f3-1fd2f99d838e', 'DISABILITY', 'Disability', 'Disability', SYSDATE(), SYSDATE());
INSERT INTO zeusrefdatadb.internal_list_dtl(internal_list_dtl_sk, internal_list_type_sk, internal_list_code, internal_list_code_desc, display_name, created_date, updated_date) VALUES ('1a4615c4-060d-4c99-be02-dee8de92338e', '300e4410-222c-4836-b3f3-1fd2f99d838e', 'PLANCHANGE', 'Plan Change', 'Plan Change', SYSDATE(), SYSDATE());
INSERT INTO zeusrefdatadb.internal_list_dtl(internal_list_dtl_sk, internal_list_type_sk, internal_list_code, internal_list_code_desc, display_name, created_date, updated_date) VALUES ('cb52a869-72d7-4283-b8f1-feaf2cde3771', '300e4410-222c-4836-b3f3-1fd2f99d838e', 'CHIDENDE', 'Change in Identifying Data Elements', 'Change in Identifying Data Elements', SYSDATE(), SYSDATE());
INSERT INTO zeusrefdatadb.internal_list_dtl(internal_list_dtl_sk, internal_list_type_sk, internal_list_code, internal_list_code_desc, display_name, created_date, updated_date) VALUES ('831e2b23-92c3-45b3-acc9-586d9c0a6295', '300e4410-222c-4836-b3f3-1fd2f99d838e', 'DECCOV', 'Declined Coverage', 'Declined Coverage', SYSDATE(), SYSDATE());
INSERT INTO zeusrefdatadb.internal_list_dtl(internal_list_dtl_sk, internal_list_type_sk, internal_list_code, internal_list_code_desc, display_name, created_date, updated_date) VALUES ('b7859cd4-babc-4284-8f8b-298ae6811848', '300e4410-222c-4836-b3f3-1fd2f99d838e', 'PREENR', 'Pre-Enrollment', 'Pre-Enrollment', SYSDATE(), SYSDATE());
INSERT INTO zeusrefdatadb.internal_list_dtl(internal_list_dtl_sk, internal_list_type_sk, internal_list_code, internal_list_code_desc, display_name, created_date, updated_date) VALUES ('3c04604e-8a08-49ac-beb9-5ad669aaf1e5', '300e4410-222c-4836-b3f3-1fd2f99d838e', 'INIER', 'Initial Enrollment', 'Initial Enrollment', SYSDATE(), SYSDATE());
INSERT INTO zeusrefdatadb.internal_list_dtl(internal_list_dtl_sk, internal_list_type_sk, internal_list_code, internal_list_code_desc, display_name, created_date, updated_date) VALUES ('0633cf78-6326-498f-8639-bcc2009184ed', '300e4410-222c-4836-b3f3-1fd2f99d838e', 'BS', 'Benefit Selection', 'Benefit Selection', SYSDATE(), SYSDATE());
INSERT INTO zeusrefdatadb.internal_list_dtl(internal_list_dtl_sk, internal_list_type_sk, internal_list_code, internal_list_code_desc, display_name, created_date, updated_date) VALUES ('369a2e33-d483-40bd-8ee3-4f1669248033', '300e4410-222c-4836-b3f3-1fd2f99d838e', 'LS', 'Legal Separation', 'Legal Separation', SYSDATE(), SYSDATE());
INSERT INTO zeusrefdatadb.internal_list_dtl(internal_list_dtl_sk, internal_list_type_sk, internal_list_code, internal_list_code_desc, display_name, created_date, updated_date) VALUES ('c27380f5-d3f9-47e5-a002-9ae1754bd564', '300e4410-222c-4836-b3f3-1fd2f99d838e', 'MARRIAGE', 'Marriage', 'Marriage', SYSDATE(), SYSDATE());
INSERT INTO zeusrefdatadb.internal_list_dtl(internal_list_dtl_sk, internal_list_type_sk, internal_list_code, internal_list_code_desc, display_name, created_date, updated_date) VALUES ('8b3e9801-036d-4e64-9940-5d39dcfbe698', '300e4410-222c-4836-b3f3-1fd2f99d838e', 'PD', 'Personnel Data', 'Personnel Data', SYSDATE(), SYSDATE());
INSERT INTO zeusrefdatadb.internal_list_dtl(internal_list_dtl_sk, internal_list_type_sk, internal_list_code, internal_list_code_desc, display_name, created_date, updated_date) VALUES ('8ca4797d-6263-42a2-b696-6e317be09a11', '300e4410-222c-4836-b3f3-1fd2f99d838e', 'LOAWB', 'Leave of Absence with Benefits', 'Leave of Absence with Benefits', SYSDATE(), SYSDATE());
INSERT INTO zeusrefdatadb.internal_list_dtl(internal_list_dtl_sk, internal_list_type_sk, internal_list_code, internal_list_code_desc, display_name, created_date, updated_date) VALUES ('74b17820-1f13-43db-b7d8-25e0314c63e4', '300e4410-222c-4836-b3f3-1fd2f99d838e', 'LOAWOB', 'Leave of Absence without Benefits', 'Leave of Absence without Benefits', SYSDATE(), SYSDATE());
INSERT INTO zeusrefdatadb.internal_list_dtl(internal_list_dtl_sk, internal_list_type_sk, internal_list_code, internal_list_code_desc, display_name, created_date, updated_date) VALUES ('74e9fd13-4181-47a1-ae92-6dfdd9d0f7f7', '300e4410-222c-4836-b3f3-1fd2f99d838e', 'LOWB', 'Lay Off with Benefits', 'Lay Off with Benefits', SYSDATE(), SYSDATE());
INSERT INTO zeusrefdatadb.internal_list_dtl(internal_list_dtl_sk, internal_list_type_sk, internal_list_code, internal_list_code_desc, display_name, created_date, updated_date) VALUES ('3254b28a-a2cb-4b64-96f2-6a6c6c9ec58d', '300e4410-222c-4836-b3f3-1fd2f99d838e', 'LOWOB', 'Lay Off without Benefits', 'Lay Off without Benefits', SYSDATE(), SYSDATE());
INSERT INTO zeusrefdatadb.internal_list_dtl(internal_list_dtl_sk, internal_list_type_sk, internal_list_code, internal_list_code_desc, display_name, created_date, updated_date) VALUES ('49bfb3e1-41b0-40d5-9cd1-4741c49aebe7', '300e4410-222c-4836-b3f3-1fd2f99d838e', 'REENROLL', 'Re-enrollment', 'Re-enrollment', SYSDATE(), SYSDATE());
INSERT INTO zeusrefdatadb.internal_list_dtl(internal_list_dtl_sk, internal_list_type_sk, internal_list_code, internal_list_code_desc, display_name, created_date, updated_date) VALUES ('7e1d2938-cfbf-4168-b672-47cca5b6866d', '300e4410-222c-4836-b3f3-1fd2f99d838e', 'COL', 'Change of Location', 'Change of Location', SYSDATE(), SYSDATE());
INSERT INTO zeusrefdatadb.internal_list_dtl(internal_list_dtl_sk, internal_list_type_sk, internal_list_code, internal_list_code_desc, display_name, created_date, updated_date) VALUES ('48f82f18-1ec8-4b40-afe5-30a19f240970', '300e4410-222c-4836-b3f3-1fd2f99d838e', 'NP', 'Non Payment', 'Non Payment', SYSDATE(), SYSDATE());
INSERT INTO zeusrefdatadb.internal_list_dtl(internal_list_dtl_sk, internal_list_type_sk, internal_list_code, internal_list_code_desc, display_name, created_date, updated_date) VALUES ('4a4cf4da-aeed-4f69-959e-098de963e6b9', '300e4410-222c-4836-b3f3-1fd2f99d838e', 'DWOS', 'Dissatisfaction with Office Staff', 'Dissatisfaction with Office Staff', SYSDATE(), SYSDATE());
INSERT INTO zeusrefdatadb.internal_list_dtl(internal_list_dtl_sk, internal_list_type_sk, internal_list_code, internal_list_code_desc, display_name, created_date, updated_date) VALUES ('6fc07ba1-2e9d-432d-afff-116f86bf7b61', '300e4410-222c-4836-b3f3-1fd2f99d838e', 'DWMCR', 'Dissatisfaction with Medical Care/Services Rendered', 'Dissatisfaction with Medical Care/Services Rendered', SYSDATE(), SYSDATE());
INSERT INTO zeusrefdatadb.internal_list_dtl(internal_list_dtl_sk, internal_list_type_sk, internal_list_code, internal_list_code_desc, display_name, created_date, updated_date) VALUES ('83417e45-e013-49c0-83d1-19b22eec8757', '300e4410-222c-4836-b3f3-1fd2f99d838e', 'IOL', 'Inconvenient Office Location', 'Inconvenient Office Location', SYSDATE(), SYSDATE());
INSERT INTO zeusrefdatadb.internal_list_dtl(internal_list_dtl_sk, internal_list_type_sk, internal_list_code, internal_list_code_desc, display_name, created_date, updated_date) VALUES ('a34c6963-26a6-466a-8369-f0f48558eb48', '300e4410-222c-4836-b3f3-1fd2f99d838e', 'DWOH', 'Dissatisfaction with Office Hours', 'Dissatisfaction with Office Hours', SYSDATE(), SYSDATE());
INSERT INTO zeusrefdatadb.internal_list_dtl(internal_list_dtl_sk, internal_list_type_sk, internal_list_code, internal_list_code_desc, display_name, created_date, updated_date) VALUES ('9e762e9e-e059-41e4-b62f-49bff6ebf839', '300e4410-222c-4836-b3f3-1fd2f99d838e', 'UTSATM', 'Unable to Schedule Appointments in a Timely Manner', 'Unable to Schedule Appointments in a Timely Manner', SYSDATE(), SYSDATE());
INSERT INTO zeusrefdatadb.internal_list_dtl(internal_list_dtl_sk, internal_list_type_sk, internal_list_code, internal_list_code_desc, display_name, created_date, updated_date) VALUES ('d8f309d5-bd63-4542-b960-1b96cc04463b', '300e4410-222c-4836-b3f3-1fd2f99d838e', 'DWPFP', 'Dissatisfaction with Physician’s Referral Policy', 'Dissatisfaction with Physician’s Referral Policy', SYSDATE(), SYSDATE());
INSERT INTO zeusrefdatadb.internal_list_dtl(internal_list_dtl_sk, internal_list_type_sk, internal_list_code, internal_list_code_desc, display_name, created_date, updated_date) VALUES ('7d64956c-49ac-4d8f-be22-2efb56d9824a', '300e4410-222c-4836-b3f3-1fd2f99d838e', 'LRATGTTOP', 'Less Respect and Attention Time Given than to Other Patients', 'Less Respect and Attention Time Given than to Other Patients', SYSDATE(), SYSDATE());
INSERT INTO zeusrefdatadb.internal_list_dtl(internal_list_dtl_sk, internal_list_type_sk, internal_list_code, internal_list_code_desc, display_name, created_date, updated_date) VALUES ('fe9c9b56-d7bc-4d33-8e32-4a7ef3eb2168', '300e4410-222c-4836-b3f3-1fd2f99d838e', 'PMTNL', 'Patient Moved to a New Location', 'Patient Moved to a New Location', SYSDATE(), SYSDATE());
INSERT INTO zeusrefdatadb.internal_list_dtl(internal_list_dtl_sk, internal_list_type_sk, internal_list_code, internal_list_code_desc, display_name, created_date, updated_date) VALUES ('d778a076-d4f1-49a8-86ba-39c56ba0b5d6', '300e4410-222c-4836-b3f3-1fd2f99d838e', 'NRG', 'No Reason Given', 'No Reason Given', SYSDATE(), SYSDATE());
INSERT INTO zeusrefdatadb.internal_list_dtl(internal_list_dtl_sk, internal_list_type_sk, internal_list_code, internal_list_code_desc, display_name, created_date, updated_date) VALUES ('c956309c-01ae-4253-92d4-0bbad74c3eed', '300e4410-222c-4836-b3f3-1fd2f99d838e', 'ATNM', 'Appointment Times not Met in a Timely Manner', 'Appointment Times not Met in a Timely Manner', SYSDATE(), SYSDATE());
INSERT INTO zeusrefdatadb.internal_list_dtl(internal_list_dtl_sk, internal_list_type_sk, internal_list_code, internal_list_code_desc, display_name, created_date, updated_date) VALUES ('9d054baf-c695-468a-a54e-56fd2fd1905d', '300e4410-222c-4836-b3f3-1fd2f99d838e', 'AABS', 'Algorithm Assigned Benefit Selection', 'Algorithm Assigned Benefit Selection', SYSDATE(), SYSDATE());
INSERT INTO zeusrefdatadb.internal_list_dtl(internal_list_dtl_sk, internal_list_type_sk, internal_list_code, internal_list_code_desc, display_name, created_date, updated_date) VALUES ('dfd32ea6-1200-47f5-8f37-10d596574b0b', '300e4410-222c-4836-b3f3-1fd2f99d838e', 'MBS', 'Member Benefit Selection', 'Member Benefit Selection', SYSDATE(), SYSDATE());
INSERT INTO zeusrefdatadb.internal_list_dtl(internal_list_dtl_sk, internal_list_type_sk, internal_list_code, internal_list_code_desc, display_name, created_date, updated_date) VALUES ('97dbd8a2-b3ae-4b82-ab80-346db17fe596', '300e4410-222c-4836-b3f3-1fd2f99d838e', 'NO', 'Notification Only', 'Notification Only', SYSDATE(), SYSDATE());
INSERT INTO zeusrefdatadb.internal_list_dtl(internal_list_dtl_sk, internal_list_type_sk, internal_list_code, internal_list_code_desc, display_name, created_date, updated_date) VALUES ('5d8ccec6-9701-4d8a-be38-89afe4ba8dbd', '300e4410-222c-4836-b3f3-1fd2f99d838e', 'TRANSFER', 'Transfer', 'Transfer', SYSDATE(), SYSDATE());

-- Internal Phone Type List
INSERT INTO zeusrefdatadb.internal_list_type(internal_list_type_sk, internal_list_type_name, internal_list_type_desc, display_name, created_date, updated_date) VALUES ('2af8574a-3b2d-419f-9bc4-3127a0c3b94b','Phone', 'Phone', 'Phone Type', SYSDATE(), SYSDATE());
INSERT INTO zeusrefdatadb.internal_list_dtl(internal_list_dtl_sk, internal_list_type_sk, internal_list_code, internal_list_code_desc, display_name, created_date, updated_date) VALUES ('3541c941-46da-4875-a921-caba8f17544e', '2af8574a-3b2d-419f-9bc4-3127a0c3b94b', 'ALT', 'Alternate Telephone', 'Alternate Telephone', SYSDATE(), SYSDATE());
INSERT INTO zeusrefdatadb.internal_list_dtl(internal_list_dtl_sk, internal_list_type_sk, internal_list_code, internal_list_code_desc, display_name, created_date, updated_date) VALUES ('d4f87769-2ff4-40dd-be7c-9362b8f0f033', '2af8574a-3b2d-419f-9bc4-3127a0c3b94b', 'BEEPER', 'Beeper Number', 'Beeper Number', SYSDATE(), SYSDATE());
INSERT INTO zeusrefdatadb.internal_list_dtl(internal_list_dtl_sk, internal_list_type_sk, internal_list_code, internal_list_code_desc, display_name, created_date, updated_date) VALUES ('5cb9189d-f67a-481d-8ccb-a00997c1e0ea', '2af8574a-3b2d-419f-9bc4-3127a0c3b94b', 'CELL', 'Cellular Phone', 'Cellular Phone', SYSDATE(), SYSDATE());
INSERT INTO zeusrefdatadb.internal_list_dtl(internal_list_dtl_sk, internal_list_type_sk, internal_list_code, internal_list_code_desc, display_name, created_date, updated_date) VALUES ('0dc4a984-a13c-4d8f-a517-fe7623b10b02', '2af8574a-3b2d-419f-9bc4-3127a0c3b94b', 'EXT', 'Telephone Extension', 'Telephone Extension', SYSDATE(), SYSDATE());
INSERT INTO zeusrefdatadb.internal_list_dtl(internal_list_dtl_sk, internal_list_type_sk, internal_list_code, internal_list_code_desc, display_name, created_date, updated_date) VALUES ('7c67f862-da31-4cac-949a-a3a18cce449f', '2af8574a-3b2d-419f-9bc4-3127a0c3b94b', 'FAX', 'Facsimile', 'Facsimile', SYSDATE(), SYSDATE());
INSERT INTO zeusrefdatadb.internal_list_dtl(internal_list_dtl_sk, internal_list_type_sk, internal_list_code, internal_list_code_desc, display_name, created_date, updated_date) VALUES ('361e254c-56cf-4ce2-b95d-33632fd1b772', '2af8574a-3b2d-419f-9bc4-3127a0c3b94b', 'HOME', 'Home Phone Number', 'Home Phone Number', SYSDATE(), SYSDATE());
INSERT INTO zeusrefdatadb.internal_list_dtl(internal_list_dtl_sk, internal_list_type_sk, internal_list_code, internal_list_code_desc, display_name, created_date, updated_date) VALUES ('f1c093e7-631e-4b82-b2d6-ede5281e3340', '2af8574a-3b2d-419f-9bc4-3127a0c3b94b', 'WORK', 'Work Phone Number', 'Work Phone Number', SYSDATE(), SYSDATE());

-- Internal Language Type List
INSERT INTO zeusrefdatadb.internal_list_type(internal_list_type_sk, internal_list_type_name, internal_list_type_desc, display_name, created_date, updated_date) VALUES ('0fccc0ee-c56b-44f7-9340-53c276a9a148','Language Type', 'Language Type', 'Language Type', SYSDATE(), SYSDATE());
INSERT INTO zeusrefdatadb.internal_list_dtl(internal_list_dtl_sk, internal_list_type_sk, internal_list_code, internal_list_code_desc, display_name, created_date, updated_date) VALUES ('0b73db61-7b3f-463b-a311-0d6e54cec0e1', '0fccc0ee-c56b-44f7-9340-53c276a9a148', 'READING', 'Reading', 'Reading', SYSDATE(), SYSDATE());
INSERT INTO zeusrefdatadb.internal_list_dtl(internal_list_dtl_sk, internal_list_type_sk, internal_list_code, internal_list_code_desc, display_name, created_date, updated_date) VALUES ('2f25d841-eee9-4e80-8661-764d6a128108', '0fccc0ee-c56b-44f7-9340-53c276a9a148', 'WRITING', 'Writing', 'Writing', SYSDATE(), SYSDATE());
INSERT INTO zeusrefdatadb.internal_list_dtl(internal_list_dtl_sk, internal_list_type_sk, internal_list_code, internal_list_code_desc, display_name, created_date, updated_date) VALUES ('5cf1fea9-5841-4add-a997-ac2768d4c766', '0fccc0ee-c56b-44f7-9340-53c276a9a148', 'SPEAKING', 'Speaking', 'Speaking', SYSDATE(), SYSDATE());
INSERT INTO zeusrefdatadb.internal_list_dtl(internal_list_dtl_sk, internal_list_type_sk, internal_list_code, internal_list_code_desc, display_name, created_date, updated_date) VALUES ('1d75fb08-ac97-4c33-af55-e0a8a5fb0fd3', '0fccc0ee-c56b-44f7-9340-53c276a9a148', 'NATIVE', 'Native', 'Native', SYSDATE(), SYSDATE());

-- Internal Language List
INSERT INTO zeusrefdatadb.internal_list_type(internal_list_type_sk, internal_list_type_name, internal_list_type_desc, display_name, created_date, updated_date) VALUES ('64cdf57b-4089-4e64-86b4-76301b7e042a','Language', 'Language', 'Language', SYSDATE(), SYSDATE());
INSERT INTO zeusrefdatadb.internal_list_dtl(internal_list_dtl_sk, internal_list_type_sk, internal_list_code, internal_list_code_desc, display_name, created_date, updated_date) VALUES ('14084150-3daa-4f72-954e-06c37a0280e2', '64cdf57b-4089-4e64-86b4-76301b7e042a', 'eng', 'English', 'English', SYSDATE(), SYSDATE());
INSERT INTO zeusrefdatadb.internal_list_dtl(internal_list_dtl_sk, internal_list_type_sk, internal_list_code, internal_list_code_desc, display_name, created_date, updated_date) VALUES ('8702c120-0178-4d4b-be33-4dde3c536324', '64cdf57b-4089-4e64-86b4-76301b7e042a', 'spa', 'English', 'English', SYSDATE(), SYSDATE());

-- Internal Gender List
INSERT INTO zeusrefdatadb.internal_list_type(internal_list_type_sk, internal_list_type_name, internal_list_type_desc, display_name, created_date, updated_date) VALUES ('112ffe0d-58a9-491f-a318-2e27d62e5d7e','Gender', 'Gender', 'Gender', SYSDATE(), SYSDATE());
INSERT INTO zeusrefdatadb.internal_list_dtl(internal_list_dtl_sk, internal_list_type_sk, internal_list_code, internal_list_code_desc, display_name, created_date, updated_date) VALUES ('836279bc-a77d-4171-8ea9-dd6b0e682a87', '112ffe0d-58a9-491f-a318-2e27d62e5d7e', 'MALE', 'Male', 'Male', SYSDATE(), SYSDATE());
INSERT INTO zeusrefdatadb.internal_list_dtl(internal_list_dtl_sk, internal_list_type_sk, internal_list_code, internal_list_code_desc, display_name, created_date, updated_date) VALUES ('ffc39f10-7822-4936-b4ed-c70a16af971d', '112ffe0d-58a9-491f-a318-2e27d62e5d7e', 'FEMALE', 'Female', 'Female', SYSDATE(), SYSDATE());
INSERT INTO zeusrefdatadb.internal_list_dtl(internal_list_dtl_sk, internal_list_type_sk, internal_list_code, internal_list_code_desc, display_name, created_date, updated_date) VALUES ('1e593c17-247a-4c4c-af7e-172d09d2dc89', '112ffe0d-58a9-491f-a318-2e27d62e5d7e', 'UNKNOWN', 'Unknown', 'Unknown', SYSDATE(), SYSDATE());

-- Internal Tobacco List
INSERT INTO zeusrefdatadb.internal_list_type(internal_list_type_sk, internal_list_type_name, internal_list_type_desc, display_name, created_date, updated_date) VALUES ('3b6512e3-ce6e-4fc9-81e0-1b554aaa077c','Tobacco', 'Tobacco', 'Tobacco', SYSDATE(), SYSDATE());
INSERT INTO zeusrefdatadb.internal_list_dtl(internal_list_dtl_sk, internal_list_type_sk, internal_list_code, internal_list_code_desc, display_name, created_date, updated_date) VALUES ('99d6297b-64fc-467b-8896-1f1c83f45c9d', '3b6512e3-ce6e-4fc9-81e0-1b554aaa077c', 'NONE', 'None', 'None', SYSDATE(), SYSDATE());
INSERT INTO zeusrefdatadb.internal_list_dtl(internal_list_dtl_sk, internal_list_type_sk, internal_list_code, internal_list_code_desc, display_name, created_date, updated_date) VALUES ('b5b5e978-c9cf-46e1-91d0-68b7192f9355', '3b6512e3-ce6e-4fc9-81e0-1b554aaa077c', 'SUBABS', 'Substance Abuse', 'Substance Abuse', SYSDATE(), SYSDATE());
INSERT INTO zeusrefdatadb.internal_list_dtl(internal_list_dtl_sk, internal_list_type_sk, internal_list_code, internal_list_code_desc, display_name, created_date, updated_date) VALUES ('1a626516-fa7d-4d6b-8339-c1d8192038fe', '3b6512e3-ce6e-4fc9-81e0-1b554aaa077c', 'TOBUSE', 'Tobacco Use', 'Tobacco Use', SYSDATE(), SYSDATE());
INSERT INTO zeusrefdatadb.internal_list_dtl(internal_list_dtl_sk, internal_list_type_sk, internal_list_code, internal_list_code_desc, display_name, created_date, updated_date) VALUES ('38fb54c6-d0f8-4fe7-8890-8addd3f24daf', '3b6512e3-ce6e-4fc9-81e0-1b554aaa077c', 'UNKNOWN', 'Unknown', 'Unknown', SYSDATE(), SYSDATE());
INSERT INTO zeusrefdatadb.internal_list_dtl(internal_list_dtl_sk, internal_list_type_sk, internal_list_code, internal_list_code_desc, display_name, created_date, updated_date) VALUES ('d6b8425f-4835-4687-af03-f252a25c63c8', '3b6512e3-ce6e-4fc9-81e0-1b554aaa077c', 'TOBANDSUB', 'Tobacco Use and Substance Abuse', 'Tobacco Use and Substance Abuse', SYSDATE(), SYSDATE());

-- Internal Alternate Contact List
INSERT INTO zeusrefdatadb.internal_list_type(internal_list_type_sk, internal_list_type_name, internal_list_type_desc, display_name, created_date, updated_date) VALUES ('89abc76b-01c3-44f1-a23a-b31325adba42','Alternate Contact', 'Alternate Contact', 'Alternate Contact', SYSDATE(), SYSDATE());
INSERT INTO zeusrefdatadb.internal_list_dtl(internal_list_dtl_sk, internal_list_type_sk, internal_list_code, internal_list_code_desc, display_name, created_date, updated_date) VALUES ('b521ab28-70a7-46e0-912b-900b2aa35593', '89abc76b-01c3-44f1-a23a-b31325adba42', 'MEMEMP', 'Member Employer', 'Member Employer', SYSDATE(), SYSDATE());
INSERT INTO zeusrefdatadb.internal_list_dtl(internal_list_dtl_sk, internal_list_type_sk, internal_list_code, internal_list_code_desc, display_name, created_date, updated_date) VALUES ('6f48280f-3ffe-4dc3-a09d-400d8f963d9c', '89abc76b-01c3-44f1-a23a-b31325adba42', 'MEMSCH', 'Member School', 'Member School', SYSDATE(), SYSDATE());
INSERT INTO zeusrefdatadb.internal_list_dtl(internal_list_dtl_sk, internal_list_type_sk, internal_list_code, internal_list_code_desc, display_name, created_date, updated_date) VALUES ('1b16f5d0-c8d4-479a-af08-e18a5e116589', '89abc76b-01c3-44f1-a23a-b31325adba42', 'CUSTPAR', 'Custodial Parent', 'Custodial Parent', SYSDATE(), SYSDATE());
INSERT INTO zeusrefdatadb.internal_list_dtl(internal_list_dtl_sk, internal_list_type_sk, internal_list_code, internal_list_code_desc, display_name, created_date, updated_date) VALUES ('5c01c8ff-28ca-430e-a8eb-76986554304e', '89abc76b-01c3-44f1-a23a-b31325adba42', 'CASMGR', 'Case Manager', 'Case Manager', SYSDATE(), SYSDATE());
INSERT INTO zeusrefdatadb.internal_list_dtl(internal_list_dtl_sk, internal_list_type_sk, internal_list_code, internal_list_code_desc, display_name, created_date, updated_date) VALUES ('17cb8fa1-09a2-406f-846d-e8fe5c6b041a', '89abc76b-01c3-44f1-a23a-b31325adba42', 'KEYPER', 'Key Person', 'Key Person', SYSDATE(), SYSDATE());
INSERT INTO zeusrefdatadb.internal_list_dtl(internal_list_dtl_sk, internal_list_type_sk, internal_list_code, internal_list_code_desc, display_name, created_date, updated_date) VALUES ('92cdd936-88e3-4fff-b914-43d053d64613', '89abc76b-01c3-44f1-a23a-b31325adba42', 'ELRFAC', 'Entity Legally Responsible for a child', 'Entity Legally Responsible for a child', SYSDATE(), SYSDATE());
INSERT INTO zeusrefdatadb.internal_list_dtl(internal_list_dtl_sk, internal_list_type_sk, internal_list_code, internal_list_code_desc, display_name, created_date, updated_date) VALUES ('957d0d79-51b1-4365-8e1d-80fcb4386963', '89abc76b-01c3-44f1-a23a-b31325adba42', 'EXEEST', 'Executor of Estate', 'Executor of Estate', SYSDATE(), SYSDATE());
INSERT INTO zeusrefdatadb.internal_list_dtl(internal_list_dtl_sk, internal_list_type_sk, internal_list_code, internal_list_code_desc, display_name, created_date, updated_date) VALUES ('a61091f6-a379-43ac-ad8e-a63f12e1fa90', '89abc76b-01c3-44f1-a23a-b31325adba42', 'EXSPOU', 'Ex-spouse', 'Ex-spouse', SYSDATE(), SYSDATE());
INSERT INTO zeusrefdatadb.internal_list_dtl(internal_list_dtl_sk, internal_list_type_sk, internal_list_code, internal_list_code_desc, display_name, created_date, updated_date) VALUES ('a38fdfa9-e360-4427-a9c9-77154bf82dcf', '89abc76b-01c3-44f1-a23a-b31325adba42', 'OTHINS', 'Other Insured', 'Other Insured', SYSDATE(), SYSDATE());
INSERT INTO zeusrefdatadb.internal_list_dtl(internal_list_dtl_sk, internal_list_type_sk, internal_list_code, internal_list_code_desc, display_name, created_date, updated_date) VALUES ('fb1482d9-0d29-42ee-955a-013fc5296593', '89abc76b-01c3-44f1-a23a-b31325adba42', 'GUARDN', 'Guardian', 'Guardian', SYSDATE(), SYSDATE());
INSERT INTO zeusrefdatadb.internal_list_dtl(internal_list_dtl_sk, internal_list_type_sk, internal_list_code, internal_list_code_desc, display_name, created_date, updated_date) VALUES ('9d9ef1f8-ac8f-4d2d-a01f-45973d9e6680', '89abc76b-01c3-44f1-a23a-b31325adba42', 'POWATY', 'Power of Attorney', 'Power of Attorney', SYSDATE(), SYSDATE());
INSERT INTO zeusrefdatadb.internal_list_dtl(internal_list_dtl_sk, internal_list_type_sk, internal_list_code, internal_list_code_desc, display_name, created_date, updated_date) VALUES ('b141ae98-6cca-4d35-9b14-1371cb1969e2', '89abc76b-01c3-44f1-a23a-b31325adba42', 'LEFREP', 'Legal Representative', 'Legal Representative', SYSDATE(), SYSDATE());
INSERT INTO zeusrefdatadb.internal_list_dtl(internal_list_dtl_sk, internal_list_type_sk, internal_list_code, internal_list_code_desc, display_name, created_date, updated_date) VALUES ('95d24e90-af8d-47f0-9059-e0cddd5c5576', '89abc76b-01c3-44f1-a23a-b31325adba42', 'RESPAR', 'Responsible Party', 'Responsible Party', SYSDATE(), SYSDATE());
INSERT INTO zeusrefdatadb.internal_list_dtl(internal_list_dtl_sk, internal_list_type_sk, internal_list_code, internal_list_code_desc, display_name, created_date, updated_date) VALUES ('43101a12-458d-4ad9-b3c5-18ee6dcd255b', '89abc76b-01c3-44f1-a23a-b31325adba42', 'PARENT', 'Parent', 'Parent', SYSDATE(), SYSDATE());
INSERT INTO zeusrefdatadb.internal_list_dtl(internal_list_dtl_sk, internal_list_type_sk, internal_list_code, internal_list_code_desc, display_name, created_date, updated_date) VALUES ('3be75cd3-342a-4449-ac8c-4386c120c28c', '89abc76b-01c3-44f1-a23a-b31325adba42', 'SIGOTH', 'Significant Other', 'Significant Other', SYSDATE(), SYSDATE());
INSERT INTO zeusrefdatadb.internal_list_dtl(internal_list_dtl_sk, internal_list_type_sk, internal_list_code, internal_list_code_desc, display_name, created_date, updated_date) VALUES ('44cdc943-79f9-4332-b068-cd99531a4fa1', '89abc76b-01c3-44f1-a23a-b31325adba42', 'SPOUSE', 'Spouse', 'Spouse', SYSDATE(), SYSDATE());

-- Internal Address Type List
INSERT INTO zeusrefdatadb.internal_list_type(internal_list_type_sk, internal_list_type_name, internal_list_type_desc, display_name, created_date, updated_date) VALUES ('1cd8dfed-7e3d-4fac-b1ea-33cd808a60ee','Address', 'Address Type', 'Address Type', SYSDATE(), SYSDATE());
INSERT INTO zeusrefdatadb.internal_list_dtl(internal_list_dtl_sk, internal_list_type_sk, internal_list_code, internal_list_code_desc, display_name, created_date, updated_date) VALUES ('49869714-ee81-4f83-8325-887deb4946e0', '1cd8dfed-7e3d-4fac-b1ea-33cd808a60ee', 'RESIDENCE', 'Residential Address', 'Residential Address', SYSDATE(), SYSDATE());
INSERT INTO zeusrefdatadb.internal_list_dtl(internal_list_dtl_sk, internal_list_type_sk, internal_list_code, internal_list_code_desc, display_name, created_date, updated_date) VALUES ('6351f880-d69a-47e0-af4a-6c6127e1c833', '1cd8dfed-7e3d-4fac-b1ea-33cd808a60ee', 'MAIL', 'Mailing Address', 'Mailing Address', SYSDATE(), SYSDATE());

-- Internal Rate Types
INSERT INTO zeusrefdatadb.internal_list_type(internal_list_type_sk, internal_list_type_name, internal_list_type_desc, display_name, created_date, updated_date) VALUES ('c0eb87c1-3a00-4fad-9c3f-527e90133239','Rate', 'Rate Type', 'Rate Type', SYSDATE(), SYSDATE());
INSERT INTO zeusrefdatadb.internal_list_dtl(internal_list_dtl_sk, internal_list_type_sk, internal_list_code, internal_list_code_desc, display_name, created_date, updated_date) VALUES ('aa3c1ac1-5648-4627-af75-e3cb86d85715', 'c0eb87c1-3a00-4fad-9c3f-527e90133239', 'PREAMT1', 'Member Premium Amount', 'Member Premium Amount', SYSDATE(), SYSDATE());
INSERT INTO zeusrefdatadb.internal_list_dtl(internal_list_dtl_sk, internal_list_type_sk, internal_list_code, internal_list_code_desc, display_name, created_date, updated_date) VALUES ('3dc00b93-26b7-4e0c-83b7-dad9f92fc8b4', 'c0eb87c1-3a00-4fad-9c3f-527e90133239', 'PREAMTTOT', 'Mailing', 'Mailing', SYSDATE(), SYSDATE());
INSERT INTO zeusrefdatadb.internal_list_dtl(internal_list_dtl_sk, internal_list_type_sk, internal_list_code, internal_list_code_desc, display_name, created_date, updated_date) VALUES ('da8f3516-10d2-4cef-9cdd-e3797c15a3a0', 'c0eb87c1-3a00-4fad-9c3f-527e90133239', 'APTCAMT', 'APTC Amount', 'APTC Amount', SYSDATE(), SYSDATE());
INSERT INTO zeusrefdatadb.internal_list_dtl(internal_list_dtl_sk, internal_list_type_sk, internal_list_code, internal_list_code_desc, display_name, created_date, updated_date) VALUES ('8568c1cc-7449-42d6-9393-163e123a1d52', 'c0eb87c1-3a00-4fad-9c3f-527e90133239', 'OTHERPAYAMT1', 'Other Pay Amount 1', 'Other Pay Amount 1', SYSDATE(), SYSDATE());
INSERT INTO zeusrefdatadb.internal_list_dtl(internal_list_dtl_sk, internal_list_type_sk, internal_list_code, internal_list_code_desc, display_name, created_date, updated_date) VALUES ('3813c2b2-47cd-4eac-aae6-d283f1125889', 'c0eb87c1-3a00-4fad-9c3f-527e90133239', 'OTHERPAYAMT2', 'Other Pay Amount 2', 'Other Pay Amount 2', SYSDATE(), SYSDATE());
INSERT INTO zeusrefdatadb.internal_list_dtl(internal_list_dtl_sk, internal_list_type_sk, internal_list_code, internal_list_code_desc, display_name, created_date, updated_date) VALUES ('b7250725-b66f-40ca-b996-1b0e2493ee49', 'c0eb87c1-3a00-4fad-9c3f-527e90133239', 'CSRAMT', 'CSR Amount', 'CSR Amount', SYSDATE(), SYSDATE());
INSERT INTO zeusrefdatadb.internal_list_dtl(internal_list_dtl_sk, internal_list_type_sk, internal_list_code, internal_list_code_desc, display_name, created_date, updated_date) VALUES ('a6474943-8849-493e-80c7-24857a01d5f3', 'c0eb87c1-3a00-4fad-9c3f-527e90133239', 'TOTRESAMT', 'Total Responsibility Amount', 'Total Responsibility Amount', SYSDATE(), SYSDATE());
INSERT INTO zeusrefdatadb.internal_list_dtl(internal_list_dtl_sk, internal_list_type_sk, internal_list_code, internal_list_code_desc, display_name, created_date, updated_date) VALUES ('8975bf54-386f-4d26-9a56-0411a9331872', 'c0eb87c1-3a00-4fad-9c3f-527e90133239', 'OTHERPAYAMT', 'Other Pay Amount', 'Other Pay Amount', SYSDATE(), SYSDATE());

-- Internal Attribute Types
INSERT INTO zeusrefdatadb.internal_list_type(internal_list_type_sk, internal_list_type_name, internal_list_type_desc, display_name, created_date, updated_date) VALUES ('581fdc23-f5cd-4338-a1bf-f8939b1198c8','Attribute', 'Attribute Type', 'Attribute Type', SYSDATE(), SYSDATE());
INSERT INTO zeusrefdatadb.internal_list_dtl(internal_list_dtl_sk, internal_list_type_sk, internal_list_code, internal_list_code_desc, display_name, created_date, updated_date) VALUES ('2af858a2-80cd-41ea-bc31-bcf7d0427d22', '581fdc23-f5cd-4338-a1bf-f8939b1198c8', 'AMRC', 'Additional Maintenance Reason Code', 'Additional Maintenance Reason Code', SYSDATE(), SYSDATE());
INSERT INTO zeusrefdatadb.internal_list_dtl(internal_list_dtl_sk, internal_list_type_sk, internal_list_code, internal_list_code_desc, display_name, created_date, updated_date) VALUES ('d88759ed-eaf3-4174-8049-c8f79b242b24', '581fdc23-f5cd-4338-a1bf-f8939b1198c8', 'SRCEXCHID', 'Source Exchange Id', 'Source Exchange Id', SYSDATE(), SYSDATE());
INSERT INTO zeusrefdatadb.internal_list_dtl(internal_list_dtl_sk, internal_list_type_sk, internal_list_code, internal_list_code_desc, display_name, created_date, updated_date) VALUES ('de5294f9-1e90-40da-bdb7-171d347dbd23', '581fdc23-f5cd-4338-a1bf-f8939b1198c8', 'APPID', 'Application Id', 'Application Id', SYSDATE(), SYSDATE());
INSERT INTO zeusrefdatadb.internal_list_dtl(internal_list_dtl_sk, internal_list_type_sk, internal_list_code, internal_list_code_desc, display_name, created_date, updated_date) VALUES ('d145c577-bcb7-4466-9ec3-09ae2197c1c1', '581fdc23-f5cd-4338-a1bf-f8939b1198c8', 'SEPREASON', 'SEP Reason', 'SEP Reason', SYSDATE(), SYSDATE());
INSERT INTO zeusrefdatadb.internal_list_dtl(internal_list_dtl_sk, internal_list_type_sk, internal_list_code, internal_list_code_desc, display_name, created_date, updated_date) VALUES ('d11f770b-b504-41c2-9583-ef977cb94ad8', '581fdc23-f5cd-4338-a1bf-f8939b1198c8', 'REQSBTTMS', 'Request Submit Timestamp', 'Request Submit Timestamp', SYSDATE(), SYSDATE());
INSERT INTO zeusrefdatadb.internal_list_dtl(internal_list_dtl_sk, internal_list_type_sk, internal_list_code, internal_list_code_desc, display_name, created_date, updated_date) VALUES ('4db32516-e9f7-42cd-b5af-e8ca7b791a76', '581fdc23-f5cd-4338-a1bf-f8939b1198c8', 'RATINGAREA', 'Rating Area', 'Rating Area', SYSDATE(), SYSDATE());

-- Internal Transaction Status
INSERT INTO zeusrefdatadb.internal_list_type(internal_list_type_sk, internal_list_type_name, internal_list_type_desc, display_name, created_date, updated_date) VALUES ('551d5dae-1edc-4915-b2a2-a63ea1c951c3','Transaction Status', 'Transaction Status', 'Transaction Status', SYSDATE(), SYSDATE());
INSERT INTO zeusrefdatadb.internal_list_dtl(internal_list_dtl_sk, internal_list_type_sk, internal_list_code, internal_list_code_desc, display_name, created_date, updated_date) VALUES ('bfb9d3b3-182b-4d9b-a779-afdd849011ef', '551d5dae-1edc-4915-b2a2-a63ea1c951c3', 'RECEIVED', 'Transaction Received', 'Transaction Received', SYSDATE(), SYSDATE());
INSERT INTO zeusrefdatadb.internal_list_dtl(internal_list_dtl_sk, internal_list_type_sk, internal_list_code, internal_list_code_desc, display_name, created_date, updated_date) VALUES ('933c0363-a6e6-4c29-aa4b-b467cf41d45b', '551d5dae-1edc-4915-b2a2-a63ea1c951c3', 'PROCESSING', 'Transaction in Processing', 'Transaction in Processing', SYSDATE(), SYSDATE());
INSERT INTO zeusrefdatadb.internal_list_dtl(internal_list_dtl_sk, internal_list_type_sk, internal_list_code, internal_list_code_desc, display_name, created_date, updated_date) VALUES ('80d8b8c9-4d07-4e8c-a92d-d9d9a45ca615', '551d5dae-1edc-4915-b2a2-a63ea1c951c3', 'EXCEPTION', 'Transaction in Exception', 'Transaction in Exception', SYSDATE(), SYSDATE());
INSERT INTO zeusrefdatadb.internal_list_dtl(internal_list_dtl_sk, internal_list_type_sk, internal_list_code, internal_list_code_desc, display_name, created_date, updated_date) VALUES ('3f514603-c65a-4f5b-94d2-83a3870b1692', '551d5dae-1edc-4915-b2a2-a63ea1c951c3', 'PROCESSED', 'Transaction Processed', 'Transaction Processed', SYSDATE(), SYSDATE());

-- Internal Transaction Processing Status
INSERT INTO zeusrefdatadb.internal_list_type(internal_list_type_sk, internal_list_type_name, internal_list_type_desc, display_name, created_date, updated_date) VALUES ('e7c3375b-4345-4dbd-948f-c7f39b9a9443','Processing Status', 'Processing Status', 'Processing Status', SYSDATE(), SYSDATE());
INSERT INTO zeusrefdatadb.internal_list_dtl(internal_list_dtl_sk, internal_list_type_sk, internal_list_code, internal_list_code_desc, display_name, created_date, updated_date) VALUES ('8f9ea87c-13ca-4628-80d9-b0afb18d0f31', 'e7c3375b-4345-4dbd-948f-c7f39b9a9443', 'RECEIVED', 'Transaction Received', 'Transaction Received', SYSDATE(), SYSDATE());
INSERT INTO zeusrefdatadb.internal_list_dtl(internal_list_dtl_sk, internal_list_type_sk, internal_list_code, internal_list_code_desc, display_name, created_date, updated_date) VALUES ('384cfc79-8f67-4def-9df0-65669f256d1c', 'e7c3375b-4345-4dbd-948f-c7f39b9a9443', 'PROCESSING', 'Transaction in Processing', 'Transaction in Processing', SYSDATE(), SYSDATE());
INSERT INTO zeusrefdatadb.internal_list_dtl(internal_list_dtl_sk, internal_list_type_sk, internal_list_code, internal_list_code_desc, display_name, created_date, updated_date) VALUES ('58187976-a630-4fea-b58b-7db62a72f399', 'e7c3375b-4345-4dbd-948f-c7f39b9a9443', 'VALINPROCESS', 'Validation in Process', 'Validation in Process', SYSDATE(), SYSDATE());
INSERT INTO zeusrefdatadb.internal_list_dtl(internal_list_dtl_sk, internal_list_type_sk, internal_list_code, internal_list_code_desc, display_name, created_date, updated_date) VALUES ('335415f7-c598-4af4-a3d4-1226c08e0695', 'e7c3375b-4345-4dbd-948f-c7f39b9a9443', 'COMPLETED', 'Processing Completed', 'Processing Completed', SYSDATE(), SYSDATE());

-- Internal/External crosswalk
-- Identifier Crosswalk
INSERT INTO zeusrefdatadb.intrnl_extrnl_type_xwalk(list_type_xwalk_sk, internal_list_type_sk, external_list_type_sk, created_date, updated_date) VALUES ('a11fcc0f-b078-4782-9310-e1b4b7caf4f9', '20b34667-3121-40b0-b686-0d15f8b07587', 'b0a1e241-ff4e-4773-a9a3-5bfc13c13801', SYSDATE(), SYSDATE());
INSERT INTO zeusrefdatadb.intrnl_extrnl_dtl_xwalk(list_detail_xwalk, list_type_xwalk_sk, internal_list_dtl_sk, external_list_dtl_sk, created_date, updated_date) VALUES ('6541694e-548d-4d20-95b2-98586816161e','a11fcc0f-b078-4782-9310-e1b4b7caf4f9','d974ae53-37f5-4aea-bf1e-c1098f570585','8593f731-351a-4787-b636-00f373542d8e', SYSDATE(), SYSDATE());
INSERT INTO zeusrefdatadb.intrnl_extrnl_dtl_xwalk(list_detail_xwalk, list_type_xwalk_sk, internal_list_dtl_sk, external_list_dtl_sk, created_date, updated_date) VALUES ('a1f36a2b-5a94-42cd-86e4-9705c4c0836a','a11fcc0f-b078-4782-9310-e1b4b7caf4f9','d5c01c70-b8be-4146-b2d6-38e7b6d36c69','1755cf58-f1b6-4343-8273-980f4b90255e', SYSDATE(), SYSDATE());
INSERT INTO zeusrefdatadb.intrnl_extrnl_dtl_xwalk(list_detail_xwalk, list_type_xwalk_sk, internal_list_dtl_sk, external_list_dtl_sk, created_date, updated_date) VALUES ('54fbca3d-de44-47b2-92b4-4333bc6a86c6','a11fcc0f-b078-4782-9310-e1b4b7caf4f9','aef3967d-471c-4f0b-b003-eddf4316f1a6','c413a544-66e6-485e-8c56-43bc41946c5d', SYSDATE(), SYSDATE());
INSERT INTO zeusrefdatadb.intrnl_extrnl_dtl_xwalk(list_detail_xwalk, list_type_xwalk_sk, internal_list_dtl_sk, external_list_dtl_sk, created_date, updated_date) VALUES ('acf6e316-7dcc-44c2-bdf0-95167c702051','a11fcc0f-b078-4782-9310-e1b4b7caf4f9','27c28dea-1ea8-415f-a533-c2953933fe02','d130543b-db8e-4ded-9498-c7f0f2c3cb4f', SYSDATE(), SYSDATE());
INSERT INTO zeusrefdatadb.intrnl_extrnl_dtl_xwalk(list_detail_xwalk, list_type_xwalk_sk, internal_list_dtl_sk, external_list_dtl_sk, created_date, updated_date) VALUES ('a21ed691-2c65-40fa-b34d-12d30b647b72','a11fcc0f-b078-4782-9310-e1b4b7caf4f9','95b0fe0e-b33c-44a8-b93a-f7939e99d3e2','3c02ed4d-02dd-4485-9858-57f9a4412101', SYSDATE(), SYSDATE());
INSERT INTO zeusrefdatadb.intrnl_extrnl_dtl_xwalk(list_detail_xwalk, list_type_xwalk_sk, internal_list_dtl_sk, external_list_dtl_sk, created_date, updated_date) VALUES ('8bda2c2c-6a5e-4f1b-a3bf-cbeca7455944','a11fcc0f-b078-4782-9310-e1b4b7caf4f9','a2dab678-7bf8-4287-a01b-af8a8e250392','526e415b-0b1a-45cc-bf39-0b6d7cb21125', SYSDATE(), SYSDATE());
INSERT INTO zeusrefdatadb.intrnl_extrnl_dtl_xwalk(list_detail_xwalk, list_type_xwalk_sk, internal_list_dtl_sk, external_list_dtl_sk, created_date, updated_date) VALUES ('f2bd1db8-b5d6-4848-9bb4-ca0a721b3ae5','a11fcc0f-b078-4782-9310-e1b4b7caf4f9','021dfc45-704f-445a-ad3d-f3bee8d444bb','526e415b-0b1a-45cc-bf39-0b6d7cb21125', SYSDATE(), SYSDATE());

-- Transaction Type Crosswalk
INSERT INTO zeusrefdatadb.intrnl_extrnl_type_xwalk(list_type_xwalk_sk, internal_list_type_sk, external_list_type_sk, created_date, updated_date) VALUES ('d097791a-924a-4318-9345-ae8e24f522ed', 'c02a5c6c-df80-4ed4-be4a-6c086dd77ff8', '69966386-627e-49ec-973b-18294b58a7c3', SYSDATE(), SYSDATE());
INSERT INTO zeusrefdatadb.intrnl_extrnl_dtl_xwalk(list_detail_xwalk, list_type_xwalk_sk, internal_list_dtl_sk, external_list_dtl_sk, created_date, updated_date) VALUES ('a11e03b3-d7b4-4ab3-b404-07420feafad0','d097791a-924a-4318-9345-ae8e24f522ed','2d7b6798-1dbc-4771-8df9-c844965ce7f8','c151c066-1e3f-42c2-bf4e-18ae7c0d476f', SYSDATE(), SYSDATE());
INSERT INTO zeusrefdatadb.intrnl_extrnl_dtl_xwalk(list_detail_xwalk, list_type_xwalk_sk, internal_list_dtl_sk, external_list_dtl_sk, created_date, updated_date) VALUES ('ae6b3a93-7344-48f3-8834-fd7772db2cd1','d097791a-924a-4318-9345-ae8e24f522ed','57e0ae53-dc79-4940-af66-33fa1d62fa9e','cdffa9a0-7eab-49cf-b451-627ee2ba2847', SYSDATE(), SYSDATE());
INSERT INTO zeusrefdatadb.intrnl_extrnl_dtl_xwalk(list_detail_xwalk, list_type_xwalk_sk, internal_list_dtl_sk, external_list_dtl_sk, created_date, updated_date) VALUES ('3a8fc22c-d3b5-4a2b-8fa8-06769cb0189a','d097791a-924a-4318-9345-ae8e24f522ed','2bb21f00-8b83-4653-a9bb-5a705fe01bd5','4a97235d-3fc8-45d3-96fd-447f6f50974e', SYSDATE(), SYSDATE());
INSERT INTO zeusrefdatadb.intrnl_extrnl_dtl_xwalk(list_detail_xwalk, list_type_xwalk_sk, internal_list_dtl_sk, external_list_dtl_sk, created_date, updated_date) VALUES ('5303b079-ec31-4d6a-bd88-f82147b2aa6f','d097791a-924a-4318-9345-ae8e24f522ed','e4608113-07ba-4acd-a032-9944a7a73c44','f1f2dd32-182a-4eea-ac88-cb144f04617f', SYSDATE(), SYSDATE());

-- Relationship Type Crosswalk
INSERT INTO zeusrefdatadb.intrnl_extrnl_type_xwalk(list_type_xwalk_sk, internal_list_type_sk, external_list_type_sk, created_date, updated_date) VALUES ('3cec896b-a360-4a7d-8885-9a138e0a42b7', '4431e14f-b85c-4450-9a54-c835f11655c2', '8cff5511-e877-44e3-a2bf-65ecdf292018', SYSDATE(), SYSDATE());
INSERT INTO zeusrefdatadb.intrnl_extrnl_dtl_xwalk(list_detail_xwalk, list_type_xwalk_sk, internal_list_dtl_sk, external_list_dtl_sk, created_date, updated_date) VALUES ('8ad878eb-5db2-4a2b-ae86-547a6a5b9c00','3cec896b-a360-4a7d-8885-9a138e0a42b7','76a2f141-72c0-4831-ab81-8db35ba5baf5','324e4fc5-1c37-48e9-b0f6-cd0f7b4081b3', SYSDATE(), SYSDATE());
INSERT INTO zeusrefdatadb.intrnl_extrnl_dtl_xwalk(list_detail_xwalk, list_type_xwalk_sk, internal_list_dtl_sk, external_list_dtl_sk, created_date, updated_date) VALUES ('e7563ce6-b351-46b6-b8e0-10d22f051f96','3cec896b-a360-4a7d-8885-9a138e0a42b7','6819d0a7-813c-436a-bea8-dbd6942cbaf6','0c80b9c7-cbbc-4a5d-b770-ba2e5625a7f3', SYSDATE(), SYSDATE());
INSERT INTO zeusrefdatadb.intrnl_extrnl_dtl_xwalk(list_detail_xwalk, list_type_xwalk_sk, internal_list_dtl_sk, external_list_dtl_sk, created_date, updated_date) VALUES ('270f1845-82a5-47c7-8696-8241709f7eaf','3cec896b-a360-4a7d-8885-9a138e0a42b7','34c07854-2478-4d8a-8392-afc9819be606','74555716-a0ea-47c8-86b0-45f9e2c4ae34', SYSDATE(), SYSDATE());
INSERT INTO zeusrefdatadb.intrnl_extrnl_dtl_xwalk(list_detail_xwalk, list_type_xwalk_sk, internal_list_dtl_sk, external_list_dtl_sk, created_date, updated_date) VALUES ('f9964cc6-a029-44d0-9d14-960f1e0ecf59','3cec896b-a360-4a7d-8885-9a138e0a42b7','13c9755b-27c3-46bd-a412-d032b6b2cab0','53214eb5-d28b-4d6a-97a7-12991afed5e7', SYSDATE(), SYSDATE());
INSERT INTO zeusrefdatadb.intrnl_extrnl_dtl_xwalk(list_detail_xwalk, list_type_xwalk_sk, internal_list_dtl_sk, external_list_dtl_sk, created_date, updated_date) VALUES ('43ea6802-e9da-444e-ad46-a0824dd1452f','3cec896b-a360-4a7d-8885-9a138e0a42b7','14e1c8a7-3a14-419b-837e-fc8c6c84adb4','3a8b0a9e-b693-4d16-884f-a09a5ed3c9a0', SYSDATE(), SYSDATE());
INSERT INTO zeusrefdatadb.intrnl_extrnl_dtl_xwalk(list_detail_xwalk, list_type_xwalk_sk, internal_list_dtl_sk, external_list_dtl_sk, created_date, updated_date) VALUES ('d394fe02-1b40-419b-9520-979a385df256','3cec896b-a360-4a7d-8885-9a138e0a42b7','4501797a-da97-4823-9543-aaf58d560980','e751b4bd-7033-49b5-a076-82ac38c26dc0', SYSDATE(), SYSDATE());
INSERT INTO zeusrefdatadb.intrnl_extrnl_dtl_xwalk(list_detail_xwalk, list_type_xwalk_sk, internal_list_dtl_sk, external_list_dtl_sk, created_date, updated_date) VALUES ('e2724dc6-6466-4b46-9b95-2015445f2c99','3cec896b-a360-4a7d-8885-9a138e0a42b7','0c4af5b5-2241-4318-b917-c640d9f1f3ae','94117bd5-f481-4fc8-888f-0c33f7589166', SYSDATE(), SYSDATE());
INSERT INTO zeusrefdatadb.intrnl_extrnl_dtl_xwalk(list_detail_xwalk, list_type_xwalk_sk, internal_list_dtl_sk, external_list_dtl_sk, created_date, updated_date) VALUES ('bf106005-e4de-4d51-b3f8-83a679db2cd8','3cec896b-a360-4a7d-8885-9a138e0a42b7','eb8fe9ad-fb0f-4d27-a73e-0b3fefee0d82','7355855c-1efe-436a-810e-7f6dd3df5cd0', SYSDATE(), SYSDATE());
INSERT INTO zeusrefdatadb.intrnl_extrnl_dtl_xwalk(list_detail_xwalk, list_type_xwalk_sk, internal_list_dtl_sk, external_list_dtl_sk, created_date, updated_date) VALUES ('b9297afe-31fd-486b-9289-1f652c97caf0','3cec896b-a360-4a7d-8885-9a138e0a42b7','c79202f2-b59e-47a4-8bce-2888d87b66cc','12ab8701-b1b6-490b-a12d-1d6e760ef032', SYSDATE(), SYSDATE());
INSERT INTO zeusrefdatadb.intrnl_extrnl_dtl_xwalk(list_detail_xwalk, list_type_xwalk_sk, internal_list_dtl_sk, external_list_dtl_sk, created_date, updated_date) VALUES ('3a0337f9-d066-46f8-b1a6-54a450fadea0','3cec896b-a360-4a7d-8885-9a138e0a42b7','a09810b4-1a29-4976-b714-496451949a57','a215eb89-4ea4-48d6-8af7-6ff9b691b7ac', SYSDATE(), SYSDATE());
INSERT INTO zeusrefdatadb.intrnl_extrnl_dtl_xwalk(list_detail_xwalk, list_type_xwalk_sk, internal_list_dtl_sk, external_list_dtl_sk, created_date, updated_date) VALUES ('106d31e0-6576-4bc2-8c44-41fb0840b0f3','3cec896b-a360-4a7d-8885-9a138e0a42b7','7efe88e9-81c3-41db-b1fe-c591b6b4e93b','76d9e999-33a3-4b6b-a736-f6cae3eff617', SYSDATE(), SYSDATE());
INSERT INTO zeusrefdatadb.intrnl_extrnl_dtl_xwalk(list_detail_xwalk, list_type_xwalk_sk, internal_list_dtl_sk, external_list_dtl_sk, created_date, updated_date) VALUES ('7cf6c029-80d1-44fa-adf6-9729cb9beb3c','3cec896b-a360-4a7d-8885-9a138e0a42b7','0acb9641-1c2b-411d-87fd-f7a81bbfba85','6c085548-03cb-4a1e-b93a-baf951465fe1', SYSDATE(), SYSDATE());
INSERT INTO zeusrefdatadb.intrnl_extrnl_dtl_xwalk(list_detail_xwalk, list_type_xwalk_sk, internal_list_dtl_sk, external_list_dtl_sk, created_date, updated_date) VALUES ('12d9b816-b301-45a4-9dc8-2139cd34645e','3cec896b-a360-4a7d-8885-9a138e0a42b7','3d135f82-2cdf-42a0-907e-02437cb58013','ecefd287-bb9f-4338-8ac1-0c114654cdcc', SYSDATE(), SYSDATE());
INSERT INTO zeusrefdatadb.intrnl_extrnl_dtl_xwalk(list_detail_xwalk, list_type_xwalk_sk, internal_list_dtl_sk, external_list_dtl_sk, created_date, updated_date) VALUES ('afe06a91-045a-4de0-a17a-f456d544df68','3cec896b-a360-4a7d-8885-9a138e0a42b7','eb61b170-cd2e-4076-ac27-48f5240ab30c','fc481cae-ea50-4c84-b7ff-45bfb4ee2edc', SYSDATE(), SYSDATE());
INSERT INTO zeusrefdatadb.intrnl_extrnl_dtl_xwalk(list_detail_xwalk, list_type_xwalk_sk, internal_list_dtl_sk, external_list_dtl_sk, created_date, updated_date) VALUES ('84a8b337-c7b1-474c-9f7d-e75c16fd4c7e','3cec896b-a360-4a7d-8885-9a138e0a42b7','52ab390b-2af6-4328-8184-56813f332e8c','8cb979a0-9725-4bd9-9561-9c4e49c48173', SYSDATE(), SYSDATE());
INSERT INTO zeusrefdatadb.intrnl_extrnl_dtl_xwalk(list_detail_xwalk, list_type_xwalk_sk, internal_list_dtl_sk, external_list_dtl_sk, created_date, updated_date) VALUES ('759ad026-9130-45a2-8ad0-83b9b93d5f66','3cec896b-a360-4a7d-8885-9a138e0a42b7','08fb1225-845f-4cb7-9421-b7c82d8b1d8b','c2341411-f337-4c0e-8ec5-3889950c2b2f', SYSDATE(), SYSDATE());
INSERT INTO zeusrefdatadb.intrnl_extrnl_dtl_xwalk(list_detail_xwalk, list_type_xwalk_sk, internal_list_dtl_sk, external_list_dtl_sk, created_date, updated_date) VALUES ('99638532-5747-4759-a4dc-9c2bfb0d2419','3cec896b-a360-4a7d-8885-9a138e0a42b7','ffb18af6-5410-42cc-9468-2e21ebe34bd2','2d0e660a-158d-478b-8dfa-cab417d10ef1', SYSDATE(), SYSDATE());
INSERT INTO zeusrefdatadb.intrnl_extrnl_dtl_xwalk(list_detail_xwalk, list_type_xwalk_sk, internal_list_dtl_sk, external_list_dtl_sk, created_date, updated_date) VALUES ('23461969-5057-47a8-b1b7-b4b1d46485e9','3cec896b-a360-4a7d-8885-9a138e0a42b7','8c2a3331-37f9-47b7-bc45-2ed9561cd61d','fbdfcdcc-9fd2-45f0-8fb9-00e358ed1049', SYSDATE(), SYSDATE());
INSERT INTO zeusrefdatadb.intrnl_extrnl_dtl_xwalk(list_detail_xwalk, list_type_xwalk_sk, internal_list_dtl_sk, external_list_dtl_sk, created_date, updated_date) VALUES ('101d31c3-2a1a-4910-9edf-3a8534df6ed9','3cec896b-a360-4a7d-8885-9a138e0a42b7','9042a8c2-1fec-474e-97a0-d8e74409bafc','fab65e21-a4c7-4e20-8479-32c1de8895ce', SYSDATE(), SYSDATE());
INSERT INTO zeusrefdatadb.intrnl_extrnl_dtl_xwalk(list_detail_xwalk, list_type_xwalk_sk, internal_list_dtl_sk, external_list_dtl_sk, created_date, updated_date) VALUES ('2d2a21f6-aa3a-44f0-b892-87a18878a908','3cec896b-a360-4a7d-8885-9a138e0a42b7','9e384767-1fc8-4d06-9177-7d25a95e3608','fce9dad2-1f8a-4d18-b23e-d8277f0079da', SYSDATE(), SYSDATE());
INSERT INTO zeusrefdatadb.intrnl_extrnl_dtl_xwalk(list_detail_xwalk, list_type_xwalk_sk, internal_list_dtl_sk, external_list_dtl_sk, created_date, updated_date) VALUES ('de9dbd2e-7d0b-4d6f-9512-414be766aa77','3cec896b-a360-4a7d-8885-9a138e0a42b7','0a5c9451-969c-4b0a-a442-4b642269dc7c','abd4243a-41de-4cf6-af00-118074de2204', SYSDATE(), SYSDATE());
INSERT INTO zeusrefdatadb.intrnl_extrnl_dtl_xwalk(list_detail_xwalk, list_type_xwalk_sk, internal_list_dtl_sk, external_list_dtl_sk, created_date, updated_date) VALUES ('0f3d7cba-2d5c-43dc-831c-168a492ca902','3cec896b-a360-4a7d-8885-9a138e0a42b7','d5d7b224-39d3-4e84-a404-b89967132445','880ff88f-2463-4df6-8cd5-ecc14e478dae', SYSDATE(), SYSDATE());
INSERT INTO zeusrefdatadb.intrnl_extrnl_dtl_xwalk(list_detail_xwalk, list_type_xwalk_sk, internal_list_dtl_sk, external_list_dtl_sk, created_date, updated_date) VALUES ('098d0327-91c8-48a9-a43f-173367e37a46','3cec896b-a360-4a7d-8885-9a138e0a42b7','1a429f66-dd05-4130-85b9-d036000ef926','4a6cab50-0c83-4c3a-aef4-cab1b50b6dac', SYSDATE(), SYSDATE());
INSERT INTO zeusrefdatadb.intrnl_extrnl_dtl_xwalk(list_detail_xwalk, list_type_xwalk_sk, internal_list_dtl_sk, external_list_dtl_sk, created_date, updated_date) VALUES ('82fb6bef-febe-4ae8-9d16-5819a996b92c','3cec896b-a360-4a7d-8885-9a138e0a42b7','a7e94f07-90db-4dde-8ba8-cd0042d53b71','8e8f4498-18b4-4919-8dae-aed04275bc5b', SYSDATE(), SYSDATE());
INSERT INTO zeusrefdatadb.intrnl_extrnl_dtl_xwalk(list_detail_xwalk, list_type_xwalk_sk, internal_list_dtl_sk, external_list_dtl_sk, created_date, updated_date) VALUES ('84c74966-2ff4-4946-8828-2046f7bb627a','3cec896b-a360-4a7d-8885-9a138e0a42b7','ab58bb48-0c74-49b6-8bfb-a2a40d4867e3','9e10d45b-1fad-4ee9-a0e8-591b0acd6f15', SYSDATE(), SYSDATE());
INSERT INTO zeusrefdatadb.intrnl_extrnl_dtl_xwalk(list_detail_xwalk, list_type_xwalk_sk, internal_list_dtl_sk, external_list_dtl_sk, created_date, updated_date) VALUES ('3a08da25-6063-413d-965b-4f01e4408eee','3cec896b-a360-4a7d-8885-9a138e0a42b7','8b3bfd93-0910-4ba9-9262-eb75320c0072','7ba246b3-5fbc-4fdc-ab5c-350929073e7e', SYSDATE(), SYSDATE());
INSERT INTO zeusrefdatadb.intrnl_extrnl_dtl_xwalk(list_detail_xwalk, list_type_xwalk_sk, internal_list_dtl_sk, external_list_dtl_sk, created_date, updated_date) VALUES ('cfea5592-3e80-4153-93ae-3d5cc5f121a2','3cec896b-a360-4a7d-8885-9a138e0a42b7','25831b55-4f66-4ca0-be88-39db32b410d8','c118f2e0-1ed7-489e-a3e9-78f84400a480', SYSDATE(), SYSDATE());
INSERT INTO zeusrefdatadb.intrnl_extrnl_dtl_xwalk(list_detail_xwalk, list_type_xwalk_sk, internal_list_dtl_sk, external_list_dtl_sk, created_date, updated_date) VALUES ('26cbdefa-7b0e-4275-b04d-cbdeb145402e','3cec896b-a360-4a7d-8885-9a138e0a42b7','41ac7261-c388-4152-8606-33952951f833','0db59033-61a9-4a64-8d76-1f022ef1e73d', SYSDATE(), SYSDATE());
INSERT INTO zeusrefdatadb.intrnl_extrnl_dtl_xwalk(list_detail_xwalk, list_type_xwalk_sk, internal_list_dtl_sk, external_list_dtl_sk, created_date, updated_date) VALUES ('dbf1b3f1-75c1-41f3-b99f-22824c543b5b','3cec896b-a360-4a7d-8885-9a138e0a42b7','5cb8fb36-c685-4cf2-8f0e-705a03133638','caee844c-5a93-44ef-a4ce-d77fd55947c9', SYSDATE(), SYSDATE());


-- Reason Type Crosswalk
INSERT INTO zeusrefdatadb.intrnl_extrnl_type_xwalk(list_type_xwalk_sk, internal_list_type_sk, external_list_type_sk, created_date, updated_date) VALUES ('42c368af-0147-4e25-88ba-6f8330c2c51d', '300e4410-222c-4836-b3f3-1fd2f99d838e', '443cc31d-818d-456f-85f9-aa2dbf640a2a', SYSDATE(), SYSDATE());
INSERT INTO zeusrefdatadb.intrnl_extrnl_dtl_xwalk(list_detail_xwalk, list_type_xwalk_sk, internal_list_dtl_sk, external_list_dtl_sk, created_date, updated_date) VALUES ('fa57dde4-37ae-4ee7-abf0-b7301da1f144','42c368af-0147-4e25-88ba-6f8330c2c51d','799f4300-923e-4022-88a4-d326cc68e092','806525ab-562f-497c-9b05-277311b439e5', SYSDATE(), SYSDATE());
INSERT INTO zeusrefdatadb.intrnl_extrnl_dtl_xwalk(list_detail_xwalk, list_type_xwalk_sk, internal_list_dtl_sk, external_list_dtl_sk, created_date, updated_date) VALUES ('93898180-9512-40b1-a87d-62f6f86a2caf','42c368af-0147-4e25-88ba-6f8330c2c51d','9c359dde-48cf-42b4-ae05-3a2fc98e0737','b1230652-12e4-44de-b915-42aec6736771', SYSDATE(), SYSDATE());
INSERT INTO zeusrefdatadb.intrnl_extrnl_dtl_xwalk(list_detail_xwalk, list_type_xwalk_sk, internal_list_dtl_sk, external_list_dtl_sk, created_date, updated_date) VALUES ('ba40bc8c-27b4-48dd-8688-1861ed23a8e7','42c368af-0147-4e25-88ba-6f8330c2c51d','ca37c7f4-2c49-4ea1-b3b6-426658a432e5','4df05f3a-ca12-407a-b464-0ce152548222', SYSDATE(), SYSDATE());
INSERT INTO zeusrefdatadb.intrnl_extrnl_dtl_xwalk(list_detail_xwalk, list_type_xwalk_sk, internal_list_dtl_sk, external_list_dtl_sk, created_date, updated_date) VALUES ('278bb605-876e-4a68-a866-daf60f8e4d39','42c368af-0147-4e25-88ba-6f8330c2c51d','e76c22e9-5e5f-4013-8a15-7a283c1ace7d','ddbc017e-dd92-42a5-9730-4a1ea42ecbe3', SYSDATE(), SYSDATE());
INSERT INTO zeusrefdatadb.intrnl_extrnl_dtl_xwalk(list_detail_xwalk, list_type_xwalk_sk, internal_list_dtl_sk, external_list_dtl_sk, created_date, updated_date) VALUES ('8dfb6669-4007-47c7-a4aa-e2bd456f1814','42c368af-0147-4e25-88ba-6f8330c2c51d','303b5055-46a6-4688-93c0-31828a284d10','5ccb293f-565b-40f5-927d-55871eaffb58', SYSDATE(), SYSDATE());
INSERT INTO zeusrefdatadb.intrnl_extrnl_dtl_xwalk(list_detail_xwalk, list_type_xwalk_sk, internal_list_dtl_sk, external_list_dtl_sk, created_date, updated_date) VALUES ('ebd0512a-993c-4a9a-9537-4db5faf58f88','42c368af-0147-4e25-88ba-6f8330c2c51d','0ca302e8-fbc3-4475-80f0-62023e417621','c80fa9d7-699e-4b4d-8ee2-2ee427e33e4e', SYSDATE(), SYSDATE());
INSERT INTO zeusrefdatadb.intrnl_extrnl_dtl_xwalk(list_detail_xwalk, list_type_xwalk_sk, internal_list_dtl_sk, external_list_dtl_sk, created_date, updated_date) VALUES ('dbdd0a62-b03c-485f-8359-8de9b8815d0a','42c368af-0147-4e25-88ba-6f8330c2c51d','20f27b82-ba5a-4ac6-a0f0-c341170774e2','c3b6e8cd-22a1-4094-8207-055571c74c67', SYSDATE(), SYSDATE());
INSERT INTO zeusrefdatadb.intrnl_extrnl_dtl_xwalk(list_detail_xwalk, list_type_xwalk_sk, internal_list_dtl_sk, external_list_dtl_sk, created_date, updated_date) VALUES ('84564553-d5ae-4364-8aea-436d915c9c13','42c368af-0147-4e25-88ba-6f8330c2c51d','b1557f56-e4fc-41d5-8162-4e4a74de157d','b36fe95b-3c30-4547-ba25-fbde8dd8f453', SYSDATE(), SYSDATE());
INSERT INTO zeusrefdatadb.intrnl_extrnl_dtl_xwalk(list_detail_xwalk, list_type_xwalk_sk, internal_list_dtl_sk, external_list_dtl_sk, created_date, updated_date) VALUES ('6e277cdc-f8a1-402c-aa15-17493c1e8bfe','42c368af-0147-4e25-88ba-6f8330c2c51d','b0fda587-4f96-42d5-bdb1-182177c7740a','5049e218-f214-4185-be3b-1abb9f74e661', SYSDATE(), SYSDATE());
INSERT INTO zeusrefdatadb.intrnl_extrnl_dtl_xwalk(list_detail_xwalk, list_type_xwalk_sk, internal_list_dtl_sk, external_list_dtl_sk, created_date, updated_date) VALUES ('0fa83b2d-f055-4864-9636-0e49660eb33b','42c368af-0147-4e25-88ba-6f8330c2c51d','5f53cee7-f7c9-4100-b3fe-83880852ebb1','349cf4d1-a276-413d-83c6-907b83936e27', SYSDATE(), SYSDATE());
INSERT INTO zeusrefdatadb.intrnl_extrnl_dtl_xwalk(list_detail_xwalk, list_type_xwalk_sk, internal_list_dtl_sk, external_list_dtl_sk, created_date, updated_date) VALUES ('eab97a5b-d977-4d33-87eb-c1e16a4d26d3','42c368af-0147-4e25-88ba-6f8330c2c51d','ea168f51-9e9b-4b6f-88e5-5fabcb736889','762ac217-5e57-4eaf-9740-d05df29680c4', SYSDATE(), SYSDATE());
INSERT INTO zeusrefdatadb.intrnl_extrnl_dtl_xwalk(list_detail_xwalk, list_type_xwalk_sk, internal_list_dtl_sk, external_list_dtl_sk, created_date, updated_date) VALUES ('5b321889-e84d-4d73-9219-d7ef0b6221ab','42c368af-0147-4e25-88ba-6f8330c2c51d','40f1a621-173c-49d3-8f3e-89d1989a05db','c67dd27c-613e-4d46-903b-6c85bd94d18b', SYSDATE(), SYSDATE());
INSERT INTO zeusrefdatadb.intrnl_extrnl_dtl_xwalk(list_detail_xwalk, list_type_xwalk_sk, internal_list_dtl_sk, external_list_dtl_sk, created_date, updated_date) VALUES ('c938dc7f-f3c3-42ec-867d-714d24c925e8','42c368af-0147-4e25-88ba-6f8330c2c51d','e1a7b41b-fd0a-4aeb-bd80-b1a775fbfb86','d6cc4741-6a9d-47c6-bda8-d3da2ee430ee', SYSDATE(), SYSDATE());
INSERT INTO zeusrefdatadb.intrnl_extrnl_dtl_xwalk(list_detail_xwalk, list_type_xwalk_sk, internal_list_dtl_sk, external_list_dtl_sk, created_date, updated_date) VALUES ('4733debf-78db-4649-9041-aca2fba2277f','42c368af-0147-4e25-88ba-6f8330c2c51d','8cd82692-15d8-4ae2-aeda-cc366b1ca375','4e1a0449-c0e0-4dd1-848e-681253fadfaf', SYSDATE(), SYSDATE());
INSERT INTO zeusrefdatadb.intrnl_extrnl_dtl_xwalk(list_detail_xwalk, list_type_xwalk_sk, internal_list_dtl_sk, external_list_dtl_sk, created_date, updated_date) VALUES ('5026d630-2fb8-4651-8415-5bb45280edb1','42c368af-0147-4e25-88ba-6f8330c2c51d','39dad2f8-ee3d-4d0c-a9d7-f7922a9feda2','3447578d-5d3f-4761-9805-041f4d347583', SYSDATE(), SYSDATE());
INSERT INTO zeusrefdatadb.intrnl_extrnl_dtl_xwalk(list_detail_xwalk, list_type_xwalk_sk, internal_list_dtl_sk, external_list_dtl_sk, created_date, updated_date) VALUES ('9bbd4fb9-60b0-4bf5-9178-ead9c8b9b223','42c368af-0147-4e25-88ba-6f8330c2c51d','41e4ee86-9c17-4eda-bb87-f066ffcd826a','87530211-5524-440d-8291-ee5ff38e230f', SYSDATE(), SYSDATE());
INSERT INTO zeusrefdatadb.intrnl_extrnl_dtl_xwalk(list_detail_xwalk, list_type_xwalk_sk, internal_list_dtl_sk, external_list_dtl_sk, created_date, updated_date) VALUES ('39b22d31-cc22-41a8-b581-5bf86662a21d','42c368af-0147-4e25-88ba-6f8330c2c51d','e88bc31e-bc83-4d1b-8114-f1eb92ad0c60','2716ad0f-8d0d-42ac-9a0e-276e7aea4f66', SYSDATE(), SYSDATE());
INSERT INTO zeusrefdatadb.intrnl_extrnl_dtl_xwalk(list_detail_xwalk, list_type_xwalk_sk, internal_list_dtl_sk, external_list_dtl_sk, created_date, updated_date) VALUES ('b7e44825-50ce-40fb-a21d-4c74b69bf3da','42c368af-0147-4e25-88ba-6f8330c2c51d','396443f1-f7ba-4435-b590-f1b8a8fa8880','344c46e5-3aeb-49d6-af16-f2d45d070d25', SYSDATE(), SYSDATE());
INSERT INTO zeusrefdatadb.intrnl_extrnl_dtl_xwalk(list_detail_xwalk, list_type_xwalk_sk, internal_list_dtl_sk, external_list_dtl_sk, created_date, updated_date) VALUES ('0d4b86d4-6053-4397-9618-73c2c9b15da0','42c368af-0147-4e25-88ba-6f8330c2c51d','1a4615c4-060d-4c99-be02-dee8de92338e','a94273f0-4c3a-45bb-86cc-e639a3315457', SYSDATE(), SYSDATE());
INSERT INTO zeusrefdatadb.intrnl_extrnl_dtl_xwalk(list_detail_xwalk, list_type_xwalk_sk, internal_list_dtl_sk, external_list_dtl_sk, created_date, updated_date) VALUES ('2326eca1-d8bf-469b-bcb5-494f633d6795','42c368af-0147-4e25-88ba-6f8330c2c51d','cb52a869-72d7-4283-b8f1-feaf2cde3771','6e2b51ff-eb39-4686-8e1c-d10d7d92893d', SYSDATE(), SYSDATE());
INSERT INTO zeusrefdatadb.intrnl_extrnl_dtl_xwalk(list_detail_xwalk, list_type_xwalk_sk, internal_list_dtl_sk, external_list_dtl_sk, created_date, updated_date) VALUES ('15656bb9-09c9-4d78-8721-af9b703e4cdc','42c368af-0147-4e25-88ba-6f8330c2c51d','831e2b23-92c3-45b3-acc9-586d9c0a6295','0ca9de84-42ec-417b-b790-2a054d610516', SYSDATE(), SYSDATE());
INSERT INTO zeusrefdatadb.intrnl_extrnl_dtl_xwalk(list_detail_xwalk, list_type_xwalk_sk, internal_list_dtl_sk, external_list_dtl_sk, created_date, updated_date) VALUES ('c88ce3b4-1865-4405-8cfd-f775933da409','42c368af-0147-4e25-88ba-6f8330c2c51d','b7859cd4-babc-4284-8f8b-298ae6811848','56af8665-b0b2-4abf-b623-ac3b8c570c56', SYSDATE(), SYSDATE());
INSERT INTO zeusrefdatadb.intrnl_extrnl_dtl_xwalk(list_detail_xwalk, list_type_xwalk_sk, internal_list_dtl_sk, external_list_dtl_sk, created_date, updated_date) VALUES ('df5448bf-1595-40e9-b265-8867f272dff0','42c368af-0147-4e25-88ba-6f8330c2c51d','3c04604e-8a08-49ac-beb9-5ad669aaf1e5','1ecd7735-4d09-4c5b-850b-0ab55e271054', SYSDATE(), SYSDATE());
INSERT INTO zeusrefdatadb.intrnl_extrnl_dtl_xwalk(list_detail_xwalk, list_type_xwalk_sk, internal_list_dtl_sk, external_list_dtl_sk, created_date, updated_date) VALUES ('bce87951-a508-4804-a9f1-0835ea1d6e3c','42c368af-0147-4e25-88ba-6f8330c2c51d','0633cf78-6326-498f-8639-bcc2009184ed','eb6d26e7-369e-4907-87d9-d749c2ea0cc3', SYSDATE(), SYSDATE());
INSERT INTO zeusrefdatadb.intrnl_extrnl_dtl_xwalk(list_detail_xwalk, list_type_xwalk_sk, internal_list_dtl_sk, external_list_dtl_sk, created_date, updated_date) VALUES ('0f0bf9f5-d2a1-45c3-bfc3-650afb1a70f5','42c368af-0147-4e25-88ba-6f8330c2c51d','369a2e33-d483-40bd-8ee3-4f1669248033','e1fef227-16e1-4d23-9349-3132c3a1f7d1', SYSDATE(), SYSDATE());
INSERT INTO zeusrefdatadb.intrnl_extrnl_dtl_xwalk(list_detail_xwalk, list_type_xwalk_sk, internal_list_dtl_sk, external_list_dtl_sk, created_date, updated_date) VALUES ('eb6c13c0-bb6c-442b-a083-4c2bdc248c98','42c368af-0147-4e25-88ba-6f8330c2c51d','c27380f5-d3f9-47e5-a002-9ae1754bd564','04489427-9d48-4b15-b032-f024a8499365', SYSDATE(), SYSDATE());
INSERT INTO zeusrefdatadb.intrnl_extrnl_dtl_xwalk(list_detail_xwalk, list_type_xwalk_sk, internal_list_dtl_sk, external_list_dtl_sk, created_date, updated_date) VALUES ('54eace6d-d7a4-4545-b01b-aa59c7b2bd1b','42c368af-0147-4e25-88ba-6f8330c2c51d','8b3e9801-036d-4e64-9940-5d39dcfbe698','553206cf-90a9-4beb-b0b4-a8f009dce1ad', SYSDATE(), SYSDATE());
INSERT INTO zeusrefdatadb.intrnl_extrnl_dtl_xwalk(list_detail_xwalk, list_type_xwalk_sk, internal_list_dtl_sk, external_list_dtl_sk, created_date, updated_date) VALUES ('1b978b0f-7f6e-4ac2-8005-fcaa58122cca','42c368af-0147-4e25-88ba-6f8330c2c51d','8ca4797d-6263-42a2-b696-6e317be09a11','7f25983d-2770-415e-866d-59a94a463f05', SYSDATE(), SYSDATE());
INSERT INTO zeusrefdatadb.intrnl_extrnl_dtl_xwalk(list_detail_xwalk, list_type_xwalk_sk, internal_list_dtl_sk, external_list_dtl_sk, created_date, updated_date) VALUES ('018e79b1-f3e1-49d0-8464-80fa06c305c6','42c368af-0147-4e25-88ba-6f8330c2c51d','74b17820-1f13-43db-b7d8-25e0314c63e4','b3ff1b11-d91b-4e85-ba33-ee88dc8ca188', SYSDATE(), SYSDATE());
INSERT INTO zeusrefdatadb.intrnl_extrnl_dtl_xwalk(list_detail_xwalk, list_type_xwalk_sk, internal_list_dtl_sk, external_list_dtl_sk, created_date, updated_date) VALUES ('288cd1f5-4844-4a43-b646-3ff11df55312','42c368af-0147-4e25-88ba-6f8330c2c51d','74e9fd13-4181-47a1-ae92-6dfdd9d0f7f7','49017942-97ec-4010-84f2-173f427687ad', SYSDATE(), SYSDATE());
INSERT INTO zeusrefdatadb.intrnl_extrnl_dtl_xwalk(list_detail_xwalk, list_type_xwalk_sk, internal_list_dtl_sk, external_list_dtl_sk, created_date, updated_date) VALUES ('08c172a3-0f99-4070-bedb-f5a7edb01702','42c368af-0147-4e25-88ba-6f8330c2c51d','3254b28a-a2cb-4b64-96f2-6a6c6c9ec58d','3f90078a-48e3-44b8-9ee7-e30d870d7dc3', SYSDATE(), SYSDATE());
INSERT INTO zeusrefdatadb.intrnl_extrnl_dtl_xwalk(list_detail_xwalk, list_type_xwalk_sk, internal_list_dtl_sk, external_list_dtl_sk, created_date, updated_date) VALUES ('64cd4f94-1371-473a-bd7d-2aaa107b7eba','42c368af-0147-4e25-88ba-6f8330c2c51d','49bfb3e1-41b0-40d5-9cd1-4741c49aebe7','fb330806-be87-47e2-8fb5-bb5c4148d8d4', SYSDATE(), SYSDATE());
INSERT INTO zeusrefdatadb.intrnl_extrnl_dtl_xwalk(list_detail_xwalk, list_type_xwalk_sk, internal_list_dtl_sk, external_list_dtl_sk, created_date, updated_date) VALUES ('fd319932-3e05-4592-920b-c401c0464ecb','42c368af-0147-4e25-88ba-6f8330c2c51d','7e1d2938-cfbf-4168-b672-47cca5b6866d','024500c3-b8da-4003-9db9-ad8ef3035b8b', SYSDATE(), SYSDATE());
INSERT INTO zeusrefdatadb.intrnl_extrnl_dtl_xwalk(list_detail_xwalk, list_type_xwalk_sk, internal_list_dtl_sk, external_list_dtl_sk, created_date, updated_date) VALUES ('eacb0d8c-2fcd-4683-a059-c0747e51a978','42c368af-0147-4e25-88ba-6f8330c2c51d','48f82f18-1ec8-4b40-afe5-30a19f240970','3ebe06c6-c5b4-4ca6-9ac3-868f306a6fec', SYSDATE(), SYSDATE());
INSERT INTO zeusrefdatadb.intrnl_extrnl_dtl_xwalk(list_detail_xwalk, list_type_xwalk_sk, internal_list_dtl_sk, external_list_dtl_sk, created_date, updated_date) VALUES ('6c7b4bce-55b2-4af5-807e-d252aeddb745','42c368af-0147-4e25-88ba-6f8330c2c51d','4a4cf4da-aeed-4f69-959e-098de963e6b9','7e362e25-30a5-467a-be52-866b8f56e2df', SYSDATE(), SYSDATE());
INSERT INTO zeusrefdatadb.intrnl_extrnl_dtl_xwalk(list_detail_xwalk, list_type_xwalk_sk, internal_list_dtl_sk, external_list_dtl_sk, created_date, updated_date) VALUES ('4aed95d2-3971-4f68-8114-8db432419b08','42c368af-0147-4e25-88ba-6f8330c2c51d','6fc07ba1-2e9d-432d-afff-116f86bf7b61','5456522b-dc33-4a31-b589-fb106fe54d54', SYSDATE(), SYSDATE());
INSERT INTO zeusrefdatadb.intrnl_extrnl_dtl_xwalk(list_detail_xwalk, list_type_xwalk_sk, internal_list_dtl_sk, external_list_dtl_sk, created_date, updated_date) VALUES ('d52213bc-1b3d-4643-801f-bd2078ae064e','42c368af-0147-4e25-88ba-6f8330c2c51d','83417e45-e013-49c0-83d1-19b22eec8757','6309ea25-990e-428f-86f3-ae1873ef4537', SYSDATE(), SYSDATE());
INSERT INTO zeusrefdatadb.intrnl_extrnl_dtl_xwalk(list_detail_xwalk, list_type_xwalk_sk, internal_list_dtl_sk, external_list_dtl_sk, created_date, updated_date) VALUES ('8a3c9d61-2500-4917-a28f-407a9f8898ee','42c368af-0147-4e25-88ba-6f8330c2c51d','a34c6963-26a6-466a-8369-f0f48558eb48','b799bfbb-de9f-4886-a282-56a6ceb40007', SYSDATE(), SYSDATE());
INSERT INTO zeusrefdatadb.intrnl_extrnl_dtl_xwalk(list_detail_xwalk, list_type_xwalk_sk, internal_list_dtl_sk, external_list_dtl_sk, created_date, updated_date) VALUES ('58e951a6-b18c-4cb5-96c9-f36ffe855566','42c368af-0147-4e25-88ba-6f8330c2c51d','9e762e9e-e059-41e4-b62f-49bff6ebf839','b80f6019-7fdb-4aac-9199-24e1a2ece01b', SYSDATE(), SYSDATE());
INSERT INTO zeusrefdatadb.intrnl_extrnl_dtl_xwalk(list_detail_xwalk, list_type_xwalk_sk, internal_list_dtl_sk, external_list_dtl_sk, created_date, updated_date) VALUES ('e8cb584b-078e-4ba9-95f0-f6cc71d04304','42c368af-0147-4e25-88ba-6f8330c2c51d','d8f309d5-bd63-4542-b960-1b96cc04463b','317fd90d-1ae9-4315-8fd3-8b7d3dc74a2c', SYSDATE(), SYSDATE());
INSERT INTO zeusrefdatadb.intrnl_extrnl_dtl_xwalk(list_detail_xwalk, list_type_xwalk_sk, internal_list_dtl_sk, external_list_dtl_sk, created_date, updated_date) VALUES ('40ac829d-78cd-4909-8026-1605b5f08084','42c368af-0147-4e25-88ba-6f8330c2c51d','7d64956c-49ac-4d8f-be22-2efb56d9824a','7d64956c-49ac-4d8f-be22-2efb56d9824a', SYSDATE(), SYSDATE());
INSERT INTO zeusrefdatadb.intrnl_extrnl_dtl_xwalk(list_detail_xwalk, list_type_xwalk_sk, internal_list_dtl_sk, external_list_dtl_sk, created_date, updated_date) VALUES ('59a00b8c-82c6-45c0-9009-bbe9cbbe867b','42c368af-0147-4e25-88ba-6f8330c2c51d','fe9c9b56-d7bc-4d33-8e32-4a7ef3eb2168','01604df1-c07b-4237-86ba-38e09a2b81b4', SYSDATE(), SYSDATE());
INSERT INTO zeusrefdatadb.intrnl_extrnl_dtl_xwalk(list_detail_xwalk, list_type_xwalk_sk, internal_list_dtl_sk, external_list_dtl_sk, created_date, updated_date) VALUES ('b5b6c6ea-068e-4e36-9a1d-922f3e523589','42c368af-0147-4e25-88ba-6f8330c2c51d','d778a076-d4f1-49a8-86ba-39c56ba0b5d6','364a5e8d-7901-4c10-8d8e-d5be1ec5189b', SYSDATE(), SYSDATE());
INSERT INTO zeusrefdatadb.intrnl_extrnl_dtl_xwalk(list_detail_xwalk, list_type_xwalk_sk, internal_list_dtl_sk, external_list_dtl_sk, created_date, updated_date) VALUES ('79876173-be0b-41d2-9d00-e8c1000fcc74','42c368af-0147-4e25-88ba-6f8330c2c51d','c956309c-01ae-4253-92d4-0bbad74c3eed','3ddf94f3-5795-44cd-8938-190aa1604185', SYSDATE(), SYSDATE());
INSERT INTO zeusrefdatadb.intrnl_extrnl_dtl_xwalk(list_detail_xwalk, list_type_xwalk_sk, internal_list_dtl_sk, external_list_dtl_sk, created_date, updated_date) VALUES ('ec00fd10-a066-4621-b2cd-11c5dc6964b0','42c368af-0147-4e25-88ba-6f8330c2c51d','9d054baf-c695-468a-a54e-56fd2fd1905d','7311adb4-bc6d-46c9-b99a-e399427ea231', SYSDATE(), SYSDATE());
INSERT INTO zeusrefdatadb.intrnl_extrnl_dtl_xwalk(list_detail_xwalk, list_type_xwalk_sk, internal_list_dtl_sk, external_list_dtl_sk, created_date, updated_date) VALUES ('1f3804aa-05fb-4fd9-b9df-a436f21ee8ec','42c368af-0147-4e25-88ba-6f8330c2c51d','dfd32ea6-1200-47f5-8f37-10d596574b0b','c3ead2c9-4f00-4041-af49-a17577d2c506', SYSDATE(), SYSDATE());
INSERT INTO zeusrefdatadb.intrnl_extrnl_dtl_xwalk(list_detail_xwalk, list_type_xwalk_sk, internal_list_dtl_sk, external_list_dtl_sk, created_date, updated_date) VALUES ('5acc7984-b920-4ebf-bf67-fb235a10d83d','42c368af-0147-4e25-88ba-6f8330c2c51d','97dbd8a2-b3ae-4b82-ab80-346db17fe596','fc7b96b7-4f20-4009-9298-c2c401be2c31', SYSDATE(), SYSDATE());
INSERT INTO zeusrefdatadb.intrnl_extrnl_dtl_xwalk(list_detail_xwalk, list_type_xwalk_sk, internal_list_dtl_sk, external_list_dtl_sk, created_date, updated_date) VALUES ('320cb7cb-7033-4966-8f53-6c6d0c874d12','42c368af-0147-4e25-88ba-6f8330c2c51d','5d8ccec6-9701-4d8a-be38-89afe4ba8dbd','70e75216-272c-4f04-88c0-83e1a9f9b58c', SYSDATE(), SYSDATE());

-- Phone Type Crosswalk
INSERT INTO zeusrefdatadb.intrnl_extrnl_type_xwalk(list_type_xwalk_sk, internal_list_type_sk, external_list_type_sk, created_date, updated_date) VALUES ('9abbcd32-3ca9-46dd-8028-9e66e086f42a', '2af8574a-3b2d-419f-9bc4-3127a0c3b94b', 'b332303d-0803-482c-9698-31de1608d007', SYSDATE(), SYSDATE());
INSERT INTO zeusrefdatadb.intrnl_extrnl_dtl_xwalk(list_detail_xwalk, list_type_xwalk_sk, internal_list_dtl_sk, external_list_dtl_sk, created_date, updated_date) VALUES ('49e22c97-c49b-4694-81bc-47a910fb8d0a','9abbcd32-3ca9-46dd-8028-9e66e086f42a','3541c941-46da-4875-a921-caba8f17544e','9d9c8ad9-d90a-4aec-b8af-619fc48bda77', SYSDATE(), SYSDATE());
INSERT INTO zeusrefdatadb.intrnl_extrnl_dtl_xwalk(list_detail_xwalk, list_type_xwalk_sk, internal_list_dtl_sk, external_list_dtl_sk, created_date, updated_date) VALUES ('a16cb09f-5846-4267-8d33-e954e77e2682','9abbcd32-3ca9-46dd-8028-9e66e086f42a','d4f87769-2ff4-40dd-be7c-9362b8f0f033','a68178ab-f641-450c-a3c3-bd073d7c694b', SYSDATE(), SYSDATE());
INSERT INTO zeusrefdatadb.intrnl_extrnl_dtl_xwalk(list_detail_xwalk, list_type_xwalk_sk, internal_list_dtl_sk, external_list_dtl_sk, created_date, updated_date) VALUES ('86d10a01-dfa5-4353-9b16-30a6241a4906','9abbcd32-3ca9-46dd-8028-9e66e086f42a','5cb9189d-f67a-481d-8ccb-a00997c1e0ea','df88a9a1-b499-4865-adc0-90e4223e78eb', SYSDATE(), SYSDATE());
INSERT INTO zeusrefdatadb.intrnl_extrnl_dtl_xwalk(list_detail_xwalk, list_type_xwalk_sk, internal_list_dtl_sk, external_list_dtl_sk, created_date, updated_date) VALUES ('500920e7-b987-4138-8b3a-03ef8663c2b9','9abbcd32-3ca9-46dd-8028-9e66e086f42a','0dc4a984-a13c-4d8f-a517-fe7623b10b02','086a9e24-97d1-4ba7-9eba-749d1c613341', SYSDATE(), SYSDATE());
INSERT INTO zeusrefdatadb.intrnl_extrnl_dtl_xwalk(list_detail_xwalk, list_type_xwalk_sk, internal_list_dtl_sk, external_list_dtl_sk, created_date, updated_date) VALUES ('29ed10c0-d3d1-4eb6-8291-eeeaed8d538f','9abbcd32-3ca9-46dd-8028-9e66e086f42a','7c67f862-da31-4cac-949a-a3a18cce449f','c8ac612c-fa11-4546-93ef-8182b0268a4a', SYSDATE(), SYSDATE());
INSERT INTO zeusrefdatadb.intrnl_extrnl_dtl_xwalk(list_detail_xwalk, list_type_xwalk_sk, internal_list_dtl_sk, external_list_dtl_sk, created_date, updated_date) VALUES ('31474064-48e0-4085-b2ee-f8c245c15c91','9abbcd32-3ca9-46dd-8028-9e66e086f42a','f1c093e7-631e-4b82-b2d6-ede5281e3340','6a1e5679-aa46-45a8-a6b0-cd7453715953', SYSDATE(), SYSDATE());
INSERT INTO zeusrefdatadb.intrnl_extrnl_dtl_xwalk(list_detail_xwalk, list_type_xwalk_sk, internal_list_dtl_sk, external_list_dtl_sk, created_date, updated_date) VALUES ('ed321692-a5c4-4ce6-89b0-123c0b18838e','9abbcd32-3ca9-46dd-8028-9e66e086f42a','361e254c-56cf-4ce2-b95d-33632fd1b772','cdc2a806-b629-448e-969b-5988059d174a', SYSDATE(), SYSDATE());
INSERT INTO zeusrefdatadb.intrnl_extrnl_dtl_xwalk(list_detail_xwalk, list_type_xwalk_sk, internal_list_dtl_sk, external_list_dtl_sk, created_date, updated_date) VALUES ('b9cd93bb-3945-4e4e-b4de-39e936af08ea','9abbcd32-3ca9-46dd-8028-9e66e086f42a','361e254c-56cf-4ce2-b95d-33632fd1b772','60b48e31-3cdf-44f6-85d6-29cc78164f3e', SYSDATE(), SYSDATE());

-- Language Type Crosswalk
INSERT INTO zeusrefdatadb.intrnl_extrnl_type_xwalk(list_type_xwalk_sk, internal_list_type_sk, external_list_type_sk, created_date, updated_date) VALUES ('4cd99972-30e0-4e39-968f-0e51d1d06f75', '0fccc0ee-c56b-44f7-9340-53c276a9a148', '8efc0f67-a33a-4fbb-ab24-28b934a11ad8', SYSDATE(), SYSDATE());
INSERT INTO zeusrefdatadb.intrnl_extrnl_dtl_xwalk(list_detail_xwalk, list_type_xwalk_sk, internal_list_dtl_sk, external_list_dtl_sk, created_date, updated_date) VALUES ('1be97fbc-afa4-458d-a7ce-820a6a581409','4cd99972-30e0-4e39-968f-0e51d1d06f75','0b73db61-7b3f-463b-a311-0d6e54cec0e1','074a1dca-456a-4021-bb35-fac1f17d636d', SYSDATE(), SYSDATE());
INSERT INTO zeusrefdatadb.intrnl_extrnl_dtl_xwalk(list_detail_xwalk, list_type_xwalk_sk, internal_list_dtl_sk, external_list_dtl_sk, created_date, updated_date) VALUES ('65563404-c1ea-488b-b00f-a82931c9c5f3','4cd99972-30e0-4e39-968f-0e51d1d06f75','2f25d841-eee9-4e80-8661-764d6a128108','bb611842-9fdd-4113-9f7a-a91188f85f8e', SYSDATE(), SYSDATE());
INSERT INTO zeusrefdatadb.intrnl_extrnl_dtl_xwalk(list_detail_xwalk, list_type_xwalk_sk, internal_list_dtl_sk, external_list_dtl_sk, created_date, updated_date) VALUES ('0395558f-1ad4-4f77-b9b4-1a0cae11d4ce','4cd99972-30e0-4e39-968f-0e51d1d06f75','5cf1fea9-5841-4add-a997-ac2768d4c766','47e62bf0-bff1-4836-a004-94518b3a40cf', SYSDATE(), SYSDATE());
INSERT INTO zeusrefdatadb.intrnl_extrnl_dtl_xwalk(list_detail_xwalk, list_type_xwalk_sk, internal_list_dtl_sk, external_list_dtl_sk, created_date, updated_date) VALUES ('1a010141-43e1-422f-91a5-84bb0ba9cc56','4cd99972-30e0-4e39-968f-0e51d1d06f75','1d75fb08-ac97-4c33-af55-e0a8a5fb0fd3','787fb993-70ca-4938-b5cf-485f6b012e61', SYSDATE(), SYSDATE());

-- Gender Crosswalk
INSERT INTO zeusrefdatadb.intrnl_extrnl_type_xwalk(list_type_xwalk_sk, internal_list_type_sk, external_list_type_sk, created_date, updated_date) VALUES ('cf803de6-17aa-4c81-a7a2-3bdccbd12fc0', '112ffe0d-58a9-491f-a318-2e27d62e5d7e', '1fd21323-9599-4d97-b091-de57e870d7b1', SYSDATE(), SYSDATE());
INSERT INTO zeusrefdatadb.intrnl_extrnl_dtl_xwalk(list_detail_xwalk, list_type_xwalk_sk, internal_list_dtl_sk, external_list_dtl_sk, created_date, updated_date) VALUES ('6118f074-9d7a-4239-bed3-0d237d359cc8','cf803de6-17aa-4c81-a7a2-3bdccbd12fc0','836279bc-a77d-4171-8ea9-dd6b0e682a87','57b85021-f635-40c7-9455-89d8b401e8e4', SYSDATE(), SYSDATE());
INSERT INTO zeusrefdatadb.intrnl_extrnl_dtl_xwalk(list_detail_xwalk, list_type_xwalk_sk, internal_list_dtl_sk, external_list_dtl_sk, created_date, updated_date) VALUES ('6abc3fd9-7f42-4b87-b4f7-6c91302ed63c','cf803de6-17aa-4c81-a7a2-3bdccbd12fc0','ffc39f10-7822-4936-b4ed-c70a16af971d','fa85269b-fe1d-4208-add0-70a6356676a8', SYSDATE(), SYSDATE());
INSERT INTO zeusrefdatadb.intrnl_extrnl_dtl_xwalk(list_detail_xwalk, list_type_xwalk_sk, internal_list_dtl_sk, external_list_dtl_sk, created_date, updated_date) VALUES ('3d8198e7-6986-4c43-880f-4f5d8f16e285','cf803de6-17aa-4c81-a7a2-3bdccbd12fc0','1e593c17-247a-4c4c-af7e-172d09d2dc89','b43f0d8c-2511-46e1-82a1-e581d9624d4d', SYSDATE(), SYSDATE());

-- Tobacco Crosswalk
INSERT INTO zeusrefdatadb.intrnl_extrnl_type_xwalk(list_type_xwalk_sk, internal_list_type_sk, external_list_type_sk, created_date, updated_date) VALUES ('79fe7029-1f0d-4145-9816-524789e77c3b', '3b6512e3-ce6e-4fc9-81e0-1b554aaa077c', '61de6b24-edbe-47e6-b0b4-6fbb62c365f7', SYSDATE(), SYSDATE());
INSERT INTO zeusrefdatadb.intrnl_extrnl_dtl_xwalk(list_detail_xwalk, list_type_xwalk_sk, internal_list_dtl_sk, external_list_dtl_sk, created_date, updated_date) VALUES ('8210819f-5409-4920-9c2e-a646923900c9','79fe7029-1f0d-4145-9816-524789e77c3b','99d6297b-64fc-467b-8896-1f1c83f45c9d','657a2564-7176-4563-9ece-9b84724238b3', SYSDATE(), SYSDATE());
INSERT INTO zeusrefdatadb.intrnl_extrnl_dtl_xwalk(list_detail_xwalk, list_type_xwalk_sk, internal_list_dtl_sk, external_list_dtl_sk, created_date, updated_date) VALUES ('0b173637-86dd-4f3f-b13b-d732d94306f7','79fe7029-1f0d-4145-9816-524789e77c3b','b5b5e978-c9cf-46e1-91d0-68b7192f9355','a97a9d29-6fc0-4dcf-8a24-7d303c74ac24', SYSDATE(), SYSDATE());
INSERT INTO zeusrefdatadb.intrnl_extrnl_dtl_xwalk(list_detail_xwalk, list_type_xwalk_sk, internal_list_dtl_sk, external_list_dtl_sk, created_date, updated_date) VALUES ('ed299115-8b2f-4de3-8c80-cd82edf5a898','79fe7029-1f0d-4145-9816-524789e77c3b','1a626516-fa7d-4d6b-8339-c1d8192038fe','3f574196-c3f0-4ce1-9957-6526733c9e9e', SYSDATE(), SYSDATE());
INSERT INTO zeusrefdatadb.intrnl_extrnl_dtl_xwalk(list_detail_xwalk, list_type_xwalk_sk, internal_list_dtl_sk, external_list_dtl_sk, created_date, updated_date) VALUES ('c7135449-1f99-4a69-9b34-a7a5358bcbb3','79fe7029-1f0d-4145-9816-524789e77c3b','38fb54c6-d0f8-4fe7-8890-8addd3f24daf','c9cbc604-f2cf-45d9-a241-9b6837e52cda', SYSDATE(), SYSDATE());
INSERT INTO zeusrefdatadb.intrnl_extrnl_dtl_xwalk(list_detail_xwalk, list_type_xwalk_sk, internal_list_dtl_sk, external_list_dtl_sk, created_date, updated_date) VALUES ('6bb25bf0-c582-41fc-a4a9-526bb98d4f8c','79fe7029-1f0d-4145-9816-524789e77c3b','d6b8425f-4835-4687-af03-f252a25c63c8','971d484f-9dac-4828-8255-ff7a283102fd', SYSDATE(), SYSDATE());

-- Alternate Contact Crosswalk
INSERT INTO zeusrefdatadb.intrnl_extrnl_type_xwalk(list_type_xwalk_sk, internal_list_type_sk, external_list_type_sk, created_date, updated_date) VALUES ('26369d72-b289-47d6-ac90-6ad14f1a9ebb', '89abc76b-01c3-44f1-a23a-b31325adba42', 'b8001a6c-3e47-487d-a8c6-7638ddd4c5f7', SYSDATE(), SYSDATE());
INSERT INTO zeusrefdatadb.intrnl_extrnl_dtl_xwalk(list_detail_xwalk, list_type_xwalk_sk, internal_list_dtl_sk, external_list_dtl_sk, created_date, updated_date) VALUES ('ae204d76-84ee-47c6-8efb-49e607010a48','26369d72-b289-47d6-ac90-6ad14f1a9ebb','b521ab28-70a7-46e0-912b-900b2aa35593','3805ad73-c4b2-4c89-b80e-072360780255', SYSDATE(), SYSDATE());
INSERT INTO zeusrefdatadb.intrnl_extrnl_dtl_xwalk(list_detail_xwalk, list_type_xwalk_sk, internal_list_dtl_sk, external_list_dtl_sk, created_date, updated_date) VALUES ('ce805f2c-90b8-4de2-bb8a-dd46b68cea68','26369d72-b289-47d6-ac90-6ad14f1a9ebb','6f48280f-3ffe-4dc3-a09d-400d8f963d9c','2a602b2b-1d0d-4a20-8e44-5fa544daa55f', SYSDATE(), SYSDATE());
INSERT INTO zeusrefdatadb.intrnl_extrnl_dtl_xwalk(list_detail_xwalk, list_type_xwalk_sk, internal_list_dtl_sk, external_list_dtl_sk, created_date, updated_date) VALUES ('55ab8f17-dc9a-4033-a1d9-3357358b2c89','26369d72-b289-47d6-ac90-6ad14f1a9ebb','1b16f5d0-c8d4-479a-af08-e18a5e116589','88a7c322-d23d-4ea1-9709-b4a24f676982', SYSDATE(), SYSDATE());
INSERT INTO zeusrefdatadb.intrnl_extrnl_dtl_xwalk(list_detail_xwalk, list_type_xwalk_sk, internal_list_dtl_sk, external_list_dtl_sk, created_date, updated_date) VALUES ('22da9ae6-89b6-4e3a-999c-be0c39f36817','26369d72-b289-47d6-ac90-6ad14f1a9ebb','5c01c8ff-28ca-430e-a8eb-76986554304e','d7767279-a967-41df-8d74-d5557b955e75', SYSDATE(), SYSDATE());
INSERT INTO zeusrefdatadb.intrnl_extrnl_dtl_xwalk(list_detail_xwalk, list_type_xwalk_sk, internal_list_dtl_sk, external_list_dtl_sk, created_date, updated_date) VALUES ('9bfa9392-962c-4b1a-bbe5-6e60e8096fce','26369d72-b289-47d6-ac90-6ad14f1a9ebb','17cb8fa1-09a2-406f-846d-e8fe5c6b041a','7f0a8045-f00c-495c-8502-f055c7951fb1', SYSDATE(), SYSDATE());
INSERT INTO zeusrefdatadb.intrnl_extrnl_dtl_xwalk(list_detail_xwalk, list_type_xwalk_sk, internal_list_dtl_sk, external_list_dtl_sk, created_date, updated_date) VALUES ('d5dd000e-180b-4e16-854b-b57b52cdd4e8','26369d72-b289-47d6-ac90-6ad14f1a9ebb','92cdd936-88e3-4fff-b914-43d053d64613','0e9b4557-323c-4853-9c7e-e9c9f61483ab', SYSDATE(), SYSDATE());
INSERT INTO zeusrefdatadb.intrnl_extrnl_dtl_xwalk(list_detail_xwalk, list_type_xwalk_sk, internal_list_dtl_sk, external_list_dtl_sk, created_date, updated_date) VALUES ('b8e03769-5894-406f-8620-2f5ccf10cd97','26369d72-b289-47d6-ac90-6ad14f1a9ebb','957d0d79-51b1-4365-8e1d-80fcb4386963','034038f1-bc62-4054-b496-8b4b0c63bcb6', SYSDATE(), SYSDATE());
INSERT INTO zeusrefdatadb.intrnl_extrnl_dtl_xwalk(list_detail_xwalk, list_type_xwalk_sk, internal_list_dtl_sk, external_list_dtl_sk, created_date, updated_date) VALUES ('0a72a47b-23d0-4f84-b522-cce3fcdc7a7f','26369d72-b289-47d6-ac90-6ad14f1a9ebb','a61091f6-a379-43ac-ad8e-a63f12e1fa90','1910ddf7-f3b0-4841-ac52-7e07bbb92940', SYSDATE(), SYSDATE());
INSERT INTO zeusrefdatadb.intrnl_extrnl_dtl_xwalk(list_detail_xwalk, list_type_xwalk_sk, internal_list_dtl_sk, external_list_dtl_sk, created_date, updated_date) VALUES ('49a8cb37-6d5d-424d-b24d-7ca766c96ad3','26369d72-b289-47d6-ac90-6ad14f1a9ebb','a38fdfa9-e360-4427-a9c9-77154bf82dcf','1cebb594-bc6a-4c8d-a81c-0de3b8a31a14', SYSDATE(), SYSDATE());
INSERT INTO zeusrefdatadb.intrnl_extrnl_dtl_xwalk(list_detail_xwalk, list_type_xwalk_sk, internal_list_dtl_sk, external_list_dtl_sk, created_date, updated_date) VALUES ('1f0ff768-350d-4fde-802e-21777f044117','26369d72-b289-47d6-ac90-6ad14f1a9ebb','fb1482d9-0d29-42ee-955a-013fc5296593','603c3293-b876-4bee-92aa-065db7324dc2', SYSDATE(), SYSDATE());
INSERT INTO zeusrefdatadb.intrnl_extrnl_dtl_xwalk(list_detail_xwalk, list_type_xwalk_sk, internal_list_dtl_sk, external_list_dtl_sk, created_date, updated_date) VALUES ('9ca0ab05-fbdc-4752-823b-9bbd9e9e4e8b','26369d72-b289-47d6-ac90-6ad14f1a9ebb','9d9ef1f8-ac8f-4d2d-a01f-45973d9e6680','26ab0fe3-d345-48e0-b227-0e472293fccc', SYSDATE(), SYSDATE());
INSERT INTO zeusrefdatadb.intrnl_extrnl_dtl_xwalk(list_detail_xwalk, list_type_xwalk_sk, internal_list_dtl_sk, external_list_dtl_sk, created_date, updated_date) VALUES ('d81495fc-2726-4030-9a7e-d93e62737964','26369d72-b289-47d6-ac90-6ad14f1a9ebb','b141ae98-6cca-4d35-9b14-1371cb1969e2','f40add05-4ddb-4fbf-b346-61f25fe72c94', SYSDATE(), SYSDATE());
INSERT INTO zeusrefdatadb.intrnl_extrnl_dtl_xwalk(list_detail_xwalk, list_type_xwalk_sk, internal_list_dtl_sk, external_list_dtl_sk, created_date, updated_date) VALUES ('63cad5e4-554a-4b36-96c2-a770e5b20fbb','26369d72-b289-47d6-ac90-6ad14f1a9ebb','95d24e90-af8d-47f0-9059-e0cddd5c5576','0b37c05f-3043-4b3a-bc1a-5303c821919b', SYSDATE(), SYSDATE());
INSERT INTO zeusrefdatadb.intrnl_extrnl_dtl_xwalk(list_detail_xwalk, list_type_xwalk_sk, internal_list_dtl_sk, external_list_dtl_sk, created_date, updated_date) VALUES ('59561541-7063-4dc9-bd81-2a745effbea9','26369d72-b289-47d6-ac90-6ad14f1a9ebb','43101a12-458d-4ad9-b3c5-18ee6dcd255b','b76beeed-f9eb-4fa6-b820-70804fb67ebe', SYSDATE(), SYSDATE());
INSERT INTO zeusrefdatadb.intrnl_extrnl_dtl_xwalk(list_detail_xwalk, list_type_xwalk_sk, internal_list_dtl_sk, external_list_dtl_sk, created_date, updated_date) VALUES ('361ecf4d-98d6-44f2-8623-7a8d8fb9fc6c','26369d72-b289-47d6-ac90-6ad14f1a9ebb','3be75cd3-342a-4449-ac8c-4386c120c28c','02283ca3-8603-4d3b-a6e6-dcbf6acb3aac', SYSDATE(), SYSDATE());
INSERT INTO zeusrefdatadb.intrnl_extrnl_dtl_xwalk(list_detail_xwalk, list_type_xwalk_sk, internal_list_dtl_sk, external_list_dtl_sk, created_date, updated_date) VALUES ('aa5b5040-aac0-43b7-aa98-7981f5535f3f','26369d72-b289-47d6-ac90-6ad14f1a9ebb','44cdc943-79f9-4332-b068-cd99531a4fa1','d4199912-cdb6-4330-b8a8-dd93de9d61ba', SYSDATE(), SYSDATE());
